	Pd1*	Pd2*	Pd3*	Pd4*	Pd4_3&1*	Pd5*	Pd5_4&1*	Pd6_1*	Pd6_2*	Pd6_3*	Pd6_4&2*	Pd6_5&1*	Pd7_1*	Pd7_2*	Pd7_3*	Pd7_4*	Pd7_5&2*	Pd7_6_1&1*	Pd7_6_2&1*	Pd7_6_3&1*	t
0	450.0	0.0	0.0	0.0	0.0	0.0	0.0	0.0	0.0	0.0	0.0	0.0	0.0	0.0	0.0	0.0	0.0	0.0	0.0	0.0	0.0
1	133.6	120.0	21.5	2.4	0.0	0.2	0.0	0.1	0.0	0.0	0.0	0.0	0.1	0.0	0.0	0.0	0.0	0.0	0.0	0.0	0.009999999999999998
2	109.4	125.0	24.6	3.5	0.0	0.3	0.0	0.1	0.0	0.0	0.0	0.0	0.1	0.0	0.0	0.0	0.0	0.0	0.0	0.0	0.019999999999999997
3	90.9	128.6	27.1	4.3	0.0	0.3	0.0	0.1	0.1	0.0	0.0	0.0	0.1	0.0	0.0	0.0	0.0	0.0	0.0	0.0	0.030000000000000006
4	80.3	130.2	29.5	4.2	0.0	0.3	0.0	0.1	0.2	0.0	0.0	0.0	0.1	0.0	0.0	0.0	0.0	0.0	0.0	0.0	0.039999999999999994
5	70.3	129.3	32.7	4.7	0.0	0.2	0.0	0.1	0.2	0.0	0.0	0.0	0.1	0.0	0.1	0.0	0.0	0.0	0.0	0.0	0.049999999999999996
6	64.6	129.5	33.8	5.2	0.0	0.2	0.0	0.1	0.2	0.0	0.0	0.0	0.1	0.0	0.1	0.0	0.0	0.0	0.0	0.0	0.06000000000000001
7	58.4	129.9	35.2	5.5	0.0	0.2	0.0	0.1	0.2	0.0	0.0	0.0	0.1	0.0	0.1	0.0	0.0	0.0	0.0	0.0	0.07000000000000002
8	53.2	130.1	36.4	5.8	0.0	0.2	0.0	0.1	0.2	0.0	0.0	0.0	0.1	0.0	0.1	0.0	0.0	0.0	0.0	0.0	0.07999999999999999
9	48.4	129.7	37.6	6.3	0.0	0.2	0.0	0.1	0.2	0.0	0.0	0.0	0.1	0.0	0.1	0.0	0.0	0.0	0.0	0.0	0.08999999999999998
10	45.0	129.6	38.4	6.6	0.0	0.2	0.0	0.1	0.2	0.0	0.0	0.0	0.1	0.0	0.1	0.0	0.0	0.0	0.0	0.0	0.09999999999999999
11	42.3	128.0	39.9	6.7	0.0	0.4	0.0	0.1	0.2	0.0	0.0	0.0	0.1	0.0	0.1	0.0	0.0	0.0	0.0	0.0	0.10999999999999999
12	39.8	127.6	40.6	7.0	0.0	0.4	0.0	0.1	0.2	0.0	0.0	0.0	0.1	0.0	0.1	0.0	0.0	0.0	0.0	0.0	0.11999999999999997
13	37.8	126.9	41.2	7.4	0.0	0.4	0.0	0.1	0.2	0.0	0.0	0.0	0.1	0.0	0.1	0.0	0.0	0.0	0.0	0.0	0.12999999999999995
14	35.3	126.3	42.0	7.6	0.0	0.5	0.0	0.1	0.2	0.0	0.0	0.0	0.1	0.0	0.1	0.0	0.0	0.0	0.0	0.0	0.13999999999999996
15	33.5	125.1	42.8	7.9	0.0	0.5	0.0	0.2	0.2	0.0	0.0	0.0	0.1	0.0	0.1	0.0	0.0	0.0	0.0	0.0	0.14999999999999997
16	32.1	124.4	43.6	8.0	0.0	0.5	0.0	0.2	0.2	0.0	0.0	0.0	0.1	0.0	0.1	0.0	0.0	0.0	0.0	0.0	0.15999999999999998
17	30.5	124.3	43.7	8.1	0.0	0.6	0.0	0.2	0.3	0.0	0.0	0.0	0.1	0.0	0.1	0.0	0.0	0.0	0.0	0.0	0.16999999999999998
18	28.6	123.5	44.6	8.3	0.0	0.6	0.0	0.2	0.3	0.0	0.0	0.0	0.1	0.0	0.1	0.0	0.0	0.0	0.0	0.0	0.18
19	26.4	123.3	45.2	8.5	0.0	0.6	0.0	0.2	0.3	0.0	0.0	0.0	0.1	0.0	0.1	0.0	0.0	0.0	0.0	0.0	0.19
20	24.7	122.7	45.5	9.0	0.0	0.6	0.0	0.2	0.3	0.0	0.0	0.0	0.1	0.0	0.1	0.0	0.0	0.0	0.0	0.0	0.2
21	23.0	122.4	46.0	9.2	0.0	0.6	0.0	0.2	0.3	0.0	0.0	0.0	0.1	0.0	0.1	0.0	0.0	0.0	0.0	0.0	0.21000000000000002
22	22.4	122.3	46.2	9.0	0.0	0.8	0.0	0.2	0.3	0.0	0.0	0.0	0.1	0.0	0.1	0.0	0.0	0.0	0.0	0.0	0.22000000000000003
23	20.9	121.7	47.1	9.0	0.0	0.8	0.0	0.2	0.3	0.0	0.0	0.0	0.1	0.0	0.1	0.0	0.0	0.0	0.0	0.0	0.23000000000000004
24	20.5	121.0	47.7	9.0	0.0	0.8	0.0	0.2	0.3	0.0	0.0	0.0	0.1	0.0	0.1	0.0	0.0	0.0	0.0	0.0	0.24000000000000007
25	18.8	120.3	48.6	9.1	0.0	0.8	0.0	0.2	0.3	0.0	0.0	0.0	0.1	0.0	0.1	0.0	0.0	0.0	0.0	0.0	0.25000000000000006
26	17.6	120.0	48.8	9.4	0.0	0.8	0.0	0.2	0.3	0.0	0.0	0.0	0.1	0.0	0.1	0.0	0.0	0.0	0.0	0.0	0.2600000000000001
27	17.3	119.4	49.3	9.4	0.0	0.8	0.0	0.2	0.3	0.0	0.0	0.0	0.1	0.0	0.1	0.0	0.0	0.0	0.0	0.0	0.2700000000000001
28	16.9	119.1	49.5	9.5	0.0	0.8	0.0	0.2	0.3	0.0	0.0	0.0	0.1	0.0	0.1	0.0	0.0	0.0	0.0	0.0	0.28000000000000014
29	16.2	118.8	49.8	9.6	0.0	0.8	0.0	0.2	0.3	0.0	0.0	0.0	0.1	0.0	0.1	0.0	0.0	0.0	0.0	0.0	0.2900000000000001
30	15.1	117.8	50.7	9.7	0.0	0.8	0.0	0.2	0.3	0.0	0.0	0.0	0.1	0.0	0.1	0.0	0.0	0.0	0.0	0.0	0.30000000000000016
31	15.0	117.8	50.6	9.8	0.0	0.8	0.0	0.2	0.3	0.0	0.0	0.0	0.1	0.0	0.1	0.0	0.0	0.0	0.0	0.0	0.3100000000000001
32	13.8	117.7	50.9	9.9	0.0	0.8	0.0	0.1	0.3	0.0	0.0	0.0	0.2	0.0	0.1	0.0	0.0	0.0	0.0	0.0	0.3200000000000002
33	13.3	117.2	51.4	9.9	0.0	0.8	0.0	0.1	0.3	0.0	0.0	0.0	0.2	0.0	0.1	0.0	0.0	0.0	0.0	0.0	0.3300000000000001
34	12.9	117.0	51.5	9.9	0.0	0.9	0.0	0.1	0.3	0.0	0.0	0.0	0.2	0.0	0.1	0.0	0.0	0.0	0.0	0.0	0.3400000000000002
35	12.6	116.8	51.6	10.0	0.0	0.9	0.0	0.1	0.3	0.0	0.0	0.0	0.2	0.0	0.1	0.0	0.0	0.0	0.0	0.0	0.35000000000000014
36	12.0	116.5	52.0	10.0	0.0	0.9	0.0	0.1	0.3	0.0	0.0	0.0	0.2	0.0	0.1	0.0	0.0	0.0	0.0	0.0	0.3600000000000002
37	11.7	116.3	52.1	10.1	0.0	0.9	0.0	0.1	0.3	0.0	0.0	0.0	0.2	0.0	0.1	0.0	0.0	0.0	0.0	0.0	0.37000000000000016
38	11.4	115.8	52.4	10.2	0.0	0.9	0.0	0.1	0.3	0.0	0.0	0.0	0.2	0.0	0.1	0.0	0.0	0.0	0.0	0.0	0.3800000000000002
39	11.1	115.2	52.9	10.2	0.0	0.9	0.0	0.1	0.3	0.0	0.0	0.0	0.2	0.0	0.1	0.0	0.0	0.0	0.0	0.0	0.3900000000000002
40	10.9	115.1	52.9	10.3	0.0	0.9	0.0	0.1	0.3	0.0	0.0	0.0	0.2	0.0	0.1	0.0	0.0	0.0	0.0	0.0	0.40000000000000024
41	10.6	114.9	53.0	10.4	0.0	0.9	0.0	0.1	0.3	0.0	0.0	0.0	0.2	0.0	0.1	0.0	0.0	0.0	0.0	0.0	0.41000000000000025
42	10.3	114.8	53.0	10.4	0.0	1.0	0.0	0.1	0.3	0.0	0.0	0.0	0.2	0.0	0.1	0.0	0.0	0.0	0.0	0.0	0.42000000000000026
43	9.8	114.9	53.1	10.4	0.0	1.0	0.0	0.1	0.3	0.0	0.0	0.0	0.2	0.0	0.1	0.0	0.0	0.0	0.0	0.0	0.43000000000000027
44	9.5	114.6	53.4	10.4	0.0	1.0	0.0	0.1	0.3	0.0	0.0	0.0	0.2	0.0	0.1	0.0	0.0	0.0	0.0	0.0	0.4400000000000003
45	9.1	114.4	53.5	10.4	0.0	1.1	0.0	0.1	0.3	0.0	0.0	0.0	0.2	0.0	0.1	0.0	0.0	0.0	0.0	0.0	0.4500000000000003
46	8.7	114.1	53.7	10.5	0.0	1.1	0.0	0.1	0.3	0.0	0.0	0.0	0.2	0.0	0.1	0.0	0.0	0.0	0.0	0.0	0.46000000000000024
47	8.3	113.7	54.1	10.5	0.0	1.1	0.0	0.1	0.3	0.0	0.0	0.0	0.2	0.0	0.1	0.0	0.0	0.0	0.0	0.0	0.4700000000000003
48	8.1	113.6	54.1	10.6	0.0	1.1	0.0	0.1	0.3	0.0	0.0	0.0	0.2	0.0	0.1	0.0	0.0	0.0	0.0	0.0	0.4800000000000003
49	8.1	113.6	54.1	10.6	0.0	1.1	0.0	0.1	0.3	0.0	0.0	0.0	0.2	0.0	0.1	0.0	0.0	0.0	0.0	0.0	0.4900000000000003
50	8.1	113.6	54.1	10.6	0.0	1.1	0.0	0.1	0.3	0.0	0.0	0.0	0.2	0.0	0.1	0.0	0.0	0.0	0.0	0.0	0.5000000000000001
51	7.7	113.5	54.3	10.6	0.0	1.1	0.0	0.1	0.3	0.0	0.0	0.0	0.2	0.0	0.1	0.0	0.0	0.0	0.0	0.0	0.5100000000000001
52	7.3	113.3	54.3	10.8	0.0	1.1	0.0	0.1	0.3	0.0	0.0	0.0	0.2	0.0	0.1	0.0	0.0	0.0	0.0	0.0	0.5200000000000004
53	6.5	112.8	54.5	11.1	0.0	1.1	0.0	0.1	0.3	0.0	0.0	0.0	0.2	0.0	0.1	0.0	0.0	0.0	0.0	0.0	0.5300000000000002
54	6.3	112.7	54.6	11.1	0.0	1.1	0.0	0.1	0.2	0.0	0.0	0.0	0.2	0.0	0.1	0.1	0.0	0.0	0.0	0.0	0.5400000000000001
55	6.2	112.6	54.7	11.1	0.0	1.1	0.0	0.1	0.2	0.0	0.0	0.0	0.2	0.0	0.1	0.1	0.0	0.0	0.0	0.0	0.5500000000000004
56	5.9	112.4	54.8	11.2	0.0	1.1	0.0	0.1	0.2	0.0	0.0	0.0	0.2	0.0	0.1	0.1	0.0	0.0	0.0	0.0	0.5600000000000004
57	5.8	112.4	54.7	11.3	0.0	1.1	0.0	0.1	0.2	0.0	0.0	0.0	0.2	0.0	0.1	0.1	0.0	0.0	0.0	0.0	0.5700000000000003
58	5.7	112.4	54.6	11.4	0.0	1.1	0.0	0.1	0.2	0.0	0.0	0.0	0.2	0.0	0.1	0.1	0.0	0.0	0.0	0.0	0.5800000000000002
59	5.7	112.4	54.6	11.4	0.0	1.1	0.0	0.1	0.2	0.0	0.0	0.0	0.2	0.0	0.1	0.1	0.0	0.0	0.0	0.0	0.5900000000000002
60	5.2	112.2	54.9	11.4	0.0	1.1	0.0	0.1	0.2	0.0	0.0	0.0	0.2	0.0	0.1	0.1	0.0	0.0	0.0	0.0	0.6000000000000004
61	5.1	112.1	55.0	11.4	0.0	1.1	0.0	0.1	0.2	0.0	0.0	0.0	0.2	0.0	0.1	0.1	0.0	0.0	0.0	0.0	0.6100000000000003
62	5.1	112.1	55.0	11.4	0.0	1.1	0.0	0.1	0.2	0.0	0.0	0.0	0.2	0.0	0.1	0.1	0.0	0.0	0.0	0.0	0.6200000000000002
63	4.8	112.1	55.1	11.4	0.0	1.1	0.0	0.1	0.2	0.0	0.0	0.0	0.2	0.0	0.1	0.1	0.0	0.0	0.0	0.0	0.6300000000000004
64	4.6	111.7	55.3	11.5	0.0	1.1	0.0	0.1	0.2	0.0	0.0	0.0	0.2	0.0	0.1	0.1	0.0	0.0	0.0	0.0	0.6400000000000005
65	4.6	111.7	55.3	11.5	0.0	1.1	0.0	0.1	0.2	0.0	0.0	0.0	0.2	0.0	0.1	0.1	0.0	0.0	0.0	0.0	0.6500000000000004
66	4.5	111.6	55.4	11.5	0.0	1.1	0.0	0.1	0.2	0.0	0.0	0.0	0.2	0.0	0.1	0.1	0.0	0.0	0.0	0.0	0.6600000000000003
67	4.5	111.6	55.4	11.5	0.0	1.1	0.0	0.1	0.2	0.0	0.0	0.0	0.2	0.0	0.1	0.1	0.0	0.0	0.0	0.0	0.6700000000000003
68	4.5	111.6	55.4	11.5	0.0	1.1	0.0	0.1	0.2	0.0	0.0	0.0	0.2	0.0	0.1	0.1	0.0	0.0	0.0	0.0	0.6800000000000005
69	4.3	111.4	55.6	11.5	0.0	1.1	0.0	0.1	0.2	0.0	0.0	0.0	0.2	0.0	0.1	0.1	0.0	0.0	0.0	0.0	0.6900000000000004
70	4.2	111.3	55.7	11.5	0.0	1.1	0.0	0.1	0.2	0.0	0.0	0.0	0.2	0.0	0.1	0.1	0.0	0.0	0.0	0.0	0.7000000000000003
71	4.2	111.3	55.7	11.5	0.0	1.1	0.0	0.1	0.2	0.0	0.0	0.0	0.2	0.0	0.1	0.1	0.0	0.0	0.0	0.0	0.7100000000000005
72	4.3	111.1	55.8	11.5	0.0	1.1	0.0	0.1	0.2	0.0	0.0	0.0	0.2	0.0	0.1	0.1	0.0	0.0	0.0	0.0	0.7200000000000005
73	4.3	111.1	55.8	11.5	0.0	1.1	0.0	0.1	0.2	0.0	0.0	0.0	0.2	0.0	0.1	0.1	0.0	0.0	0.0	0.0	0.7300000000000004
74	4.0	111.1	55.9	11.5	0.0	1.1	0.0	0.1	0.2	0.0	0.0	0.0	0.2	0.0	0.1	0.1	0.0	0.0	0.0	0.0	0.7400000000000003
75	3.7	111.2	55.8	11.6	0.0	1.1	0.0	0.1	0.2	0.0	0.0	0.0	0.2	0.0	0.1	0.1	0.0	0.0	0.0	0.0	0.7500000000000003
76	3.7	111.2	55.8	11.6	0.0	1.1	0.0	0.1	0.2	0.0	0.0	0.0	0.2	0.0	0.1	0.1	0.0	0.0	0.0	0.0	0.7600000000000006
77	3.7	111.2	55.8	11.6	0.0	1.1	0.0	0.1	0.2	0.0	0.0	0.0	0.2	0.0	0.1	0.1	0.0	0.0	0.0	0.0	0.7700000000000005
78	3.4	111.0	55.9	11.7	0.0	1.1	0.0	0.1	0.2	0.0	0.0	0.0	0.2	0.0	0.1	0.1	0.0	0.0	0.0	0.0	0.7800000000000004
79	3.1	110.8	56.0	11.8	0.0	1.1	0.0	0.1	0.2	0.0	0.0	0.0	0.2	0.0	0.1	0.1	0.0	0.0	0.0	0.0	0.7900000000000006
80	3.0	110.7	56.1	11.8	0.0	1.1	0.0	0.1	0.2	0.0	0.0	0.0	0.2	0.0	0.1	0.1	0.0	0.0	0.0	0.0	0.8000000000000005
81	2.8	110.8	56.1	11.8	0.0	1.1	0.0	0.1	0.2	0.0	0.0	0.0	0.2	0.0	0.1	0.1	0.0	0.0	0.0	0.0	0.8100000000000005
82	2.8	110.8	56.1	11.8	0.0	1.1	0.0	0.1	0.2	0.0	0.0	0.0	0.2	0.0	0.1	0.1	0.0	0.0	0.0	0.0	0.8200000000000005
83	2.7	110.7	56.2	11.7	0.1	1.1	0.0	0.1	0.2	0.0	0.0	0.0	0.2	0.0	0.1	0.1	0.0	0.0	0.0	0.0	0.8300000000000003
84	2.6	110.6	56.3	11.7	0.1	1.1	0.0	0.1	0.2	0.0	0.0	0.0	0.2	0.0	0.1	0.1	0.0	0.0	0.0	0.0	0.8400000000000005
85	2.5	110.6	56.2	11.8	0.1	1.1	0.0	0.1	0.2	0.0	0.0	0.0	0.2	0.0	0.1	0.1	0.0	0.0	0.0	0.0	0.8500000000000005
86	2.5	110.6	56.2	11.8	0.1	1.1	0.0	0.1	0.2	0.0	0.0	0.0	0.2	0.0	0.1	0.1	0.0	0.0	0.0	0.0	0.8600000000000005
87	2.5	110.6	56.2	11.8	0.1	1.1	0.0	0.1	0.2	0.0	0.0	0.0	0.2	0.0	0.1	0.1	0.0	0.0	0.0	0.0	0.8700000000000008
88	2.5	110.6	56.2	11.8	0.1	1.1	0.0	0.1	0.2	0.0	0.0	0.0	0.2	0.0	0.1	0.1	0.0	0.0	0.0	0.0	0.8800000000000006
89	2.4	110.5	56.3	11.8	0.1	1.1	0.0	0.1	0.2	0.0	0.0	0.0	0.2	0.0	0.1	0.1	0.0	0.0	0.0	0.0	0.8900000000000006
90	2.3	110.4	56.4	11.8	0.1	1.1	0.0	0.1	0.2	0.0	0.0	0.0	0.2	0.0	0.1	0.1	0.0	0.0	0.0	0.0	0.9000000000000006
91	2.3	110.4	56.4	11.8	0.1	1.1	0.0	0.1	0.2	0.0	0.0	0.0	0.2	0.0	0.1	0.1	0.0	0.0	0.0	0.0	0.9100000000000004
92	2.2	110.3	56.5	11.8	0.1	1.1	0.0	0.1	0.2	0.0	0.0	0.0	0.2	0.0	0.1	0.1	0.0	0.0	0.0	0.0	0.9200000000000006
93	2.1	110.2	56.6	11.8	0.1	1.1	0.0	0.1	0.2	0.0	0.0	0.0	0.2	0.0	0.1	0.1	0.0	0.0	0.0	0.0	0.9300000000000004
94	2.0	110.2	56.5	11.9	0.1	1.1	0.0	0.1	0.2	0.0	0.0	0.0	0.2	0.0	0.1	0.1	0.0	0.0	0.0	0.0	0.9400000000000006
95	1.9	110.1	56.6	11.9	0.1	1.1	0.0	0.1	0.2	0.0	0.0	0.0	0.2	0.0	0.1	0.1	0.0	0.0	0.0	0.0	0.9500000000000008
96	1.8	110.0	56.7	11.9	0.1	1.1	0.0	0.1	0.2	0.0	0.0	0.0	0.2	0.0	0.1	0.1	0.0	0.0	0.0	0.0	0.9600000000000006
97	1.7	109.9	56.8	11.9	0.1	1.1	0.0	0.1	0.2	0.0	0.0	0.0	0.2	0.0	0.1	0.1	0.0	0.0	0.0	0.0	0.9700000000000006
98	1.6	109.8	56.9	11.9	0.1	1.1	0.0	0.1	0.2	0.0	0.0	0.0	0.2	0.0	0.1	0.1	0.0	0.0	0.0	0.0	0.9800000000000006
99	1.6	109.8	56.9	11.8	0.2	1.1	0.0	0.1	0.2	0.0	0.0	0.0	0.2	0.0	0.1	0.1	0.0	0.0	0.0	0.0	0.9900000000000004
100	1.6	109.8	56.9	11.8	0.2	1.1	0.0	0.1	0.2	0.0	0.0	0.0	0.2	0.0	0.1	0.1	0.0	0.0	0.0	0.0	1.0000000000000004
101	1.6	109.8	56.9	11.8	0.2	1.1	0.0	0.1	0.2	0.0	0.0	0.0	0.2	0.0	0.1	0.1	0.0	0.0	0.0	0.0	1.010000000000001
102	1.6	109.8	56.9	11.8	0.2	1.1	0.0	0.1	0.2	0.0	0.0	0.0	0.2	0.0	0.1	0.1	0.0	0.0	0.0	0.0	1.020000000000001
103	1.6	109.8	56.9	11.8	0.2	1.1	0.0	0.1	0.2	0.0	0.0	0.0	0.2	0.0	0.1	0.1	0.0	0.0	0.0	0.0	1.030000000000001
104	1.6	109.8	56.9	11.8	0.2	1.1	0.0	0.1	0.2	0.0	0.0	0.0	0.2	0.0	0.1	0.1	0.0	0.0	0.0	0.0	1.0400000000000007
105	1.6	109.8	56.9	11.8	0.2	1.1	0.0	0.1	0.2	0.0	0.0	0.0	0.2	0.0	0.1	0.1	0.0	0.0	0.0	0.0	1.0500000000000007
106	1.6	109.8	56.9	11.8	0.2	1.1	0.0	0.1	0.2	0.0	0.0	0.0	0.2	0.0	0.1	0.1	0.0	0.0	0.0	0.0	1.0600000000000007
107	1.6	109.8	56.9	11.8	0.2	1.1	0.0	0.1	0.2	0.0	0.0	0.0	0.2	0.0	0.1	0.1	0.0	0.0	0.0	0.0	1.0700000000000005
108	1.6	109.8	56.9	11.8	0.2	1.1	0.0	0.1	0.2	0.0	0.0	0.0	0.2	0.0	0.1	0.1	0.0	0.0	0.0	0.0	1.0800000000000005
109	1.6	109.8	56.9	11.8	0.2	1.1	0.0	0.1	0.2	0.0	0.0	0.0	0.2	0.0	0.1	0.1	0.0	0.0	0.0	0.0	1.0900000000000005
110	1.5	109.7	57.0	11.8	0.2	1.1	0.0	0.1	0.2	0.0	0.0	0.0	0.2	0.0	0.1	0.1	0.0	0.0	0.0	0.0	1.100000000000001
111	1.6	109.6	56.9	11.9	0.2	1.1	0.0	0.1	0.2	0.0	0.0	0.0	0.2	0.0	0.1	0.1	0.0	0.0	0.0	0.0	1.110000000000001
112	1.6	109.6	56.9	11.9	0.2	1.1	0.0	0.1	0.2	0.0	0.0	0.0	0.2	0.0	0.1	0.1	0.0	0.0	0.0	0.0	1.1200000000000008
113	1.6	109.6	56.9	11.9	0.2	1.1	0.0	0.1	0.2	0.0	0.0	0.0	0.2	0.0	0.1	0.1	0.0	0.0	0.0	0.0	1.1300000000000008
114	1.6	109.6	56.9	11.9	0.2	1.1	0.0	0.1	0.2	0.0	0.0	0.0	0.2	0.0	0.1	0.1	0.0	0.0	0.0	0.0	1.1400000000000008
115	1.6	109.6	56.9	11.9	0.2	1.1	0.0	0.1	0.2	0.0	0.0	0.0	0.2	0.0	0.1	0.1	0.0	0.0	0.0	0.0	1.1500000000000006
116	1.5	109.5	57.0	11.9	0.2	1.1	0.0	0.1	0.2	0.0	0.0	0.0	0.2	0.0	0.1	0.1	0.0	0.0	0.0	0.0	1.1600000000000006
117	1.5	109.5	57.0	11.9	0.2	1.1	0.0	0.1	0.2	0.0	0.0	0.0	0.2	0.0	0.1	0.1	0.0	0.0	0.0	0.0	1.170000000000001
118	1.5	109.5	57.0	11.9	0.2	1.1	0.0	0.1	0.2	0.0	0.0	0.0	0.2	0.0	0.1	0.1	0.0	0.0	0.0	0.0	1.180000000000001
119	1.4	109.4	57.1	11.9	0.2	1.1	0.0	0.1	0.2	0.0	0.0	0.0	0.2	0.0	0.1	0.1	0.0	0.0	0.0	0.0	1.190000000000001
120	1.3	109.3	57.2	11.9	0.2	1.1	0.0	0.1	0.2	0.0	0.0	0.0	0.2	0.0	0.1	0.1	0.0	0.0	0.0	0.0	1.2000000000000008
121	1.2	109.2	57.3	11.9	0.2	1.1	0.0	0.1	0.2	0.0	0.0	0.0	0.2	0.0	0.1	0.1	0.0	0.0	0.0	0.0	1.2100000000000009
122	1.2	109.2	57.3	11.9	0.2	1.1	0.0	0.1	0.2	0.0	0.0	0.0	0.2	0.0	0.1	0.1	0.0	0.0	0.0	0.0	1.2200000000000009
123	1.2	109.2	57.3	11.9	0.2	1.1	0.0	0.1	0.2	0.0	0.0	0.0	0.2	0.0	0.1	0.1	0.0	0.0	0.0	0.0	1.2300000000000006
124	1.2	109.2	57.3	11.9	0.2	1.1	0.0	0.1	0.2	0.0	0.0	0.0	0.2	0.0	0.1	0.1	0.0	0.0	0.0	0.0	1.2400000000000007
125	1.2	109.2	57.3	11.9	0.2	1.1	0.0	0.1	0.2	0.0	0.0	0.0	0.2	0.0	0.1	0.1	0.0	0.0	0.0	0.0	1.2500000000000007
126	1.1	109.1	57.4	11.9	0.2	1.1	0.0	0.1	0.2	0.0	0.0	0.0	0.2	0.0	0.1	0.1	0.0	0.0	0.0	0.0	1.2600000000000011
127	1.1	109.1	57.4	11.9	0.2	1.1	0.0	0.1	0.2	0.0	0.0	0.0	0.2	0.0	0.1	0.1	0.0	0.0	0.0	0.0	1.2700000000000011
128	1.1	109.1	57.4	11.9	0.2	1.1	0.0	0.1	0.2	0.0	0.0	0.0	0.2	0.0	0.1	0.1	0.0	0.0	0.0	0.0	1.280000000000001
129	1.1	109.1	57.4	11.9	0.2	1.1	0.0	0.1	0.2	0.0	0.0	0.0	0.2	0.0	0.1	0.1	0.0	0.0	0.0	0.0	1.290000000000001
130	1.1	109.1	57.4	11.9	0.2	1.1	0.0	0.1	0.2	0.0	0.0	0.0	0.2	0.0	0.1	0.1	0.0	0.0	0.0	0.0	1.300000000000001
131	1.1	109.1	57.4	11.9	0.2	1.1	0.0	0.1	0.2	0.0	0.0	0.0	0.2	0.0	0.1	0.1	0.0	0.0	0.0	0.0	1.3100000000000007
132	1.1	109.1	57.4	11.9	0.2	1.1	0.0	0.1	0.2	0.0	0.0	0.0	0.2	0.0	0.1	0.1	0.0	0.0	0.0	0.0	1.3200000000000007
133	1.0	109.1	57.3	12.0	0.2	1.1	0.0	0.1	0.2	0.0	0.0	0.0	0.2	0.0	0.1	0.1	0.0	0.0	0.0	0.0	1.3300000000000012
134	1.0	109.1	57.3	12.0	0.2	1.1	0.0	0.1	0.2	0.0	0.0	0.0	0.2	0.0	0.1	0.1	0.0	0.0	0.0	0.0	1.3400000000000012
135	1.0	109.1	57.3	12.0	0.2	1.1	0.0	0.1	0.2	0.0	0.0	0.0	0.2	0.0	0.1	0.1	0.0	0.0	0.0	0.0	1.3500000000000012
136	1.0	109.1	57.3	12.0	0.2	1.1	0.0	0.1	0.2	0.0	0.0	0.0	0.2	0.0	0.1	0.1	0.0	0.0	0.0	0.0	1.360000000000001
137	1.0	109.1	57.3	12.0	0.2	1.1	0.0	0.1	0.2	0.0	0.0	0.0	0.2	0.0	0.1	0.1	0.0	0.0	0.0	0.0	1.370000000000001
138	1.0	109.1	57.3	12.0	0.2	1.1	0.0	0.1	0.2	0.0	0.0	0.0	0.2	0.0	0.1	0.1	0.0	0.0	0.0	0.0	1.380000000000001
139	0.9	109.1	57.2	12.1	0.2	1.1	0.0	0.1	0.2	0.0	0.0	0.0	0.2	0.0	0.1	0.1	0.0	0.0	0.0	0.0	1.3900000000000008
140	0.9	109.1	57.2	12.1	0.2	1.1	0.0	0.1	0.2	0.0	0.0	0.0	0.2	0.0	0.1	0.1	0.0	0.0	0.0	0.0	1.4000000000000008
141	0.9	109.1	57.2	12.1	0.2	1.1	0.0	0.1	0.2	0.0	0.0	0.0	0.2	0.0	0.1	0.1	0.0	0.0	0.0	0.0	1.4100000000000008
142	0.9	109.1	57.2	12.1	0.2	1.1	0.0	0.1	0.2	0.0	0.0	0.0	0.2	0.0	0.1	0.1	0.0	0.0	0.0	0.0	1.4200000000000013
143	0.8	109.0	57.3	12.1	0.2	1.1	0.0	0.1	0.2	0.0	0.0	0.0	0.2	0.0	0.1	0.1	0.0	0.0	0.0	0.0	1.4300000000000013
144	0.8	109.0	57.3	12.1	0.2	1.1	0.0	0.1	0.2	0.0	0.0	0.0	0.2	0.0	0.1	0.1	0.0	0.0	0.0	0.0	1.440000000000001
145	0.8	109.0	57.3	12.1	0.2	1.1	0.0	0.1	0.2	0.0	0.0	0.0	0.2	0.0	0.1	0.1	0.0	0.0	0.0	0.0	1.450000000000001
146	0.8	109.0	57.3	12.1	0.2	1.1	0.0	0.1	0.2	0.0	0.0	0.0	0.2	0.0	0.1	0.1	0.0	0.0	0.0	0.0	1.460000000000001
147	0.8	109.0	57.3	12.1	0.2	1.1	0.0	0.1	0.2	0.0	0.0	0.0	0.2	0.0	0.1	0.1	0.0	0.0	0.0	0.0	1.4700000000000009
148	0.8	109.0	57.3	12.1	0.2	1.1	0.0	0.1	0.2	0.0	0.0	0.0	0.2	0.0	0.1	0.1	0.0	0.0	0.0	0.0	1.4800000000000009
149	0.8	109.0	57.3	12.1	0.2	1.1	0.0	0.1	0.2	0.0	0.0	0.0	0.2	0.0	0.1	0.1	0.0	0.0	0.0	0.0	1.4900000000000013
150	0.8	109.0	57.3	12.1	0.2	1.1	0.0	0.1	0.2	0.0	0.0	0.0	0.2	0.0	0.1	0.1	0.0	0.0	0.0	0.0	1.5000000000000013
151	0.7	108.9	57.4	12.1	0.2	1.1	0.0	0.1	0.2	0.0	0.0	0.0	0.2	0.0	0.1	0.1	0.0	0.0	0.0	0.0	1.5100000000000013
152	0.7	108.9	57.4	12.1	0.2	1.1	0.0	0.1	0.2	0.0	0.0	0.0	0.2	0.0	0.1	0.1	0.0	0.0	0.0	0.0	1.5200000000000011
153	0.7	108.9	57.4	12.1	0.2	1.1	0.0	0.1	0.2	0.0	0.0	0.0	0.2	0.0	0.1	0.1	0.0	0.0	0.0	0.0	1.5300000000000011
154	0.7	108.9	57.4	12.1	0.2	1.1	0.0	0.1	0.2	0.0	0.0	0.0	0.2	0.0	0.1	0.1	0.0	0.0	0.0	0.0	1.5400000000000011
155	0.6	108.8	57.5	12.1	0.2	1.1	0.0	0.1	0.2	0.0	0.0	0.0	0.2	0.0	0.1	0.1	0.0	0.0	0.0	0.0	1.550000000000001
156	0.6	108.8	57.5	12.1	0.2	1.1	0.0	0.1	0.2	0.0	0.0	0.0	0.2	0.0	0.1	0.1	0.0	0.0	0.0	0.0	1.560000000000001
157	0.6	108.8	57.5	12.1	0.2	1.1	0.0	0.1	0.2	0.0	0.0	0.0	0.2	0.0	0.1	0.1	0.0	0.0	0.0	0.0	1.570000000000001
158	0.6	108.8	57.5	12.1	0.2	1.1	0.0	0.1	0.2	0.0	0.0	0.0	0.2	0.0	0.1	0.1	0.0	0.0	0.0	0.0	1.5800000000000014
159	0.6	108.8	57.5	12.1	0.2	1.1	0.0	0.1	0.2	0.0	0.0	0.0	0.2	0.0	0.1	0.1	0.0	0.0	0.0	0.0	1.5900000000000014
160	0.6	108.8	57.5	12.1	0.2	1.1	0.0	0.1	0.2	0.0	0.0	0.0	0.2	0.0	0.1	0.1	0.0	0.0	0.0	0.0	1.600000000000001
161	0.6	108.8	57.5	12.1	0.2	1.1	0.0	0.1	0.2	0.0	0.0	0.0	0.2	0.0	0.1	0.1	0.0	0.0	0.0	0.0	1.6100000000000012
162	0.6	108.8	57.5	12.1	0.2	1.1	0.0	0.1	0.2	0.0	0.0	0.0	0.2	0.0	0.1	0.1	0.0	0.0	0.0	0.0	1.6200000000000014
163	0.6	108.8	57.5	12.1	0.2	1.1	0.0	0.1	0.2	0.0	0.0	0.0	0.2	0.0	0.1	0.1	0.0	0.0	0.0	0.0	1.6300000000000012
164	0.5	108.7	57.6	12.1	0.2	1.1	0.0	0.1	0.2	0.0	0.0	0.0	0.2	0.0	0.1	0.1	0.0	0.0	0.0	0.0	1.640000000000001
165	0.4	108.6	57.7	12.1	0.2	1.1	0.0	0.1	0.2	0.0	0.0	0.0	0.2	0.0	0.1	0.1	0.0	0.0	0.0	0.0	1.6500000000000017
166	0.4	108.6	57.7	12.1	0.2	1.1	0.0	0.1	0.2	0.0	0.0	0.0	0.2	0.0	0.1	0.1	0.0	0.0	0.0	0.0	1.6600000000000015
167	0.4	108.6	57.7	12.1	0.2	1.1	0.0	0.1	0.2	0.0	0.0	0.0	0.2	0.0	0.1	0.1	0.0	0.0	0.0	0.0	1.6700000000000013
168	0.4	108.6	57.7	12.1	0.2	1.1	0.0	0.1	0.2	0.0	0.0	0.0	0.2	0.0	0.1	0.1	0.0	0.0	0.0	0.0	1.680000000000001
169	0.4	108.6	57.7	12.1	0.2	1.1	0.0	0.1	0.2	0.0	0.0	0.0	0.2	0.0	0.1	0.1	0.0	0.0	0.0	0.0	1.6900000000000013
170	0.4	108.6	57.7	12.1	0.2	1.1	0.0	0.1	0.2	0.0	0.0	0.0	0.2	0.0	0.1	0.1	0.0	0.0	0.0	0.0	1.7000000000000015
171	0.4	108.6	57.7	12.1	0.2	1.1	0.0	0.1	0.2	0.0	0.0	0.0	0.2	0.0	0.1	0.1	0.0	0.0	0.0	0.0	1.7100000000000013
172	0.4	108.6	57.7	12.1	0.2	1.1	0.0	0.1	0.2	0.0	0.0	0.0	0.2	0.0	0.1	0.1	0.0	0.0	0.0	0.0	1.720000000000001
173	0.3	108.5	57.8	12.1	0.2	1.1	0.0	0.1	0.2	0.0	0.0	0.0	0.2	0.0	0.1	0.1	0.0	0.0	0.0	0.0	1.7300000000000009
174	0.3	108.5	57.8	12.1	0.2	1.1	0.0	0.1	0.2	0.0	0.0	0.0	0.2	0.0	0.1	0.1	0.0	0.0	0.0	0.0	1.7400000000000015
175	0.3	108.5	57.8	12.1	0.2	1.1	0.0	0.1	0.2	0.0	0.0	0.0	0.2	0.0	0.1	0.1	0.0	0.0	0.0	0.0	1.7500000000000013
176	0.3	108.5	57.8	12.1	0.2	1.1	0.0	0.1	0.2	0.0	0.0	0.0	0.2	0.0	0.1	0.1	0.0	0.0	0.0	0.0	1.7600000000000011
177	0.3	108.5	57.8	12.1	0.2	1.1	0.0	0.1	0.2	0.0	0.0	0.0	0.2	0.0	0.1	0.1	0.0	0.0	0.0	0.0	1.7700000000000014
178	0.3	108.5	57.8	12.1	0.2	1.1	0.0	0.1	0.2	0.0	0.0	0.0	0.2	0.0	0.1	0.1	0.0	0.0	0.0	0.0	1.7800000000000016
179	0.3	108.5	57.8	12.1	0.2	1.1	0.0	0.1	0.2	0.0	0.0	0.0	0.2	0.0	0.1	0.1	0.0	0.0	0.0	0.0	1.7900000000000014
180	0.2	108.4	57.9	12.1	0.2	1.1	0.0	0.1	0.2	0.0	0.0	0.0	0.2	0.0	0.1	0.1	0.0	0.0	0.0	0.0	1.8000000000000012
181	0.2	108.4	57.9	12.1	0.2	1.1	0.0	0.1	0.2	0.0	0.0	0.0	0.2	0.0	0.1	0.1	0.0	0.0	0.0	0.0	1.8100000000000018
182	0.2	108.4	57.9	12.1	0.2	1.1	0.0	0.1	0.2	0.0	0.0	0.0	0.2	0.0	0.1	0.1	0.0	0.0	0.0	0.0	1.8200000000000014
183	0.2	108.4	57.9	12.1	0.2	1.1	0.0	0.1	0.2	0.0	0.0	0.0	0.2	0.0	0.1	0.1	0.0	0.0	0.0	0.0	1.8300000000000014
184	0.2	108.4	57.9	12.1	0.2	1.1	0.0	0.1	0.2	0.0	0.0	0.0	0.2	0.0	0.1	0.1	0.0	0.0	0.0	0.0	1.8400000000000012
185	0.2	108.4	57.9	12.1	0.2	1.1	0.0	0.1	0.2	0.0	0.0	0.0	0.2	0.0	0.1	0.1	0.0	0.0	0.0	0.0	1.8500000000000014
186	0.2	108.4	57.9	12.1	0.2	1.1	0.0	0.1	0.2	0.0	0.0	0.0	0.2	0.0	0.1	0.1	0.0	0.0	0.0	0.0	1.8600000000000017
187	0.2	108.4	57.9	12.1	0.2	1.1	0.0	0.1	0.2	0.0	0.0	0.0	0.2	0.0	0.1	0.1	0.0	0.0	0.0	0.0	1.8700000000000014
188	0.2	108.4	57.9	12.1	0.2	1.1	0.0	0.1	0.2	0.0	0.0	0.0	0.2	0.0	0.1	0.1	0.0	0.0	0.0	0.0	1.8800000000000014
189	0.2	108.4	57.9	12.1	0.2	1.1	0.0	0.1	0.2	0.0	0.0	0.0	0.2	0.0	0.1	0.1	0.0	0.0	0.0	0.0	1.890000000000001
190	0.2	108.4	57.9	12.1	0.2	1.1	0.0	0.1	0.2	0.0	0.0	0.0	0.2	0.0	0.1	0.1	0.0	0.0	0.0	0.0	1.9000000000000017
191	0.2	108.4	57.9	12.1	0.2	1.1	0.0	0.1	0.2	0.0	0.0	0.0	0.2	0.0	0.1	0.1	0.0	0.0	0.0	0.0	1.9100000000000015
192	0.2	108.4	57.9	12.1	0.2	1.1	0.0	0.1	0.2	0.0	0.0	0.0	0.2	0.0	0.1	0.1	0.0	0.0	0.0	0.0	1.9200000000000013
193	0.2	108.4	57.9	12.0	0.3	1.1	0.0	0.1	0.2	0.0	0.0	0.0	0.2	0.0	0.1	0.1	0.0	0.0	0.0	0.0	1.930000000000001
194	0.2	108.4	57.9	12.0	0.3	1.1	0.0	0.1	0.2	0.0	0.0	0.0	0.2	0.0	0.1	0.1	0.0	0.0	0.0	0.0	1.9400000000000017
195	0.2	108.4	57.9	12.0	0.3	1.1	0.0	0.1	0.2	0.0	0.0	0.0	0.2	0.0	0.1	0.1	0.0	0.0	0.0	0.0	1.9500000000000015
196	0.2	108.4	57.9	12.0	0.3	1.1	0.0	0.1	0.2	0.0	0.0	0.0	0.2	0.0	0.1	0.1	0.0	0.0	0.0	0.0	1.9600000000000013
197	0.2	108.4	57.9	12.0	0.3	1.1	0.0	0.1	0.2	0.0	0.0	0.0	0.2	0.0	0.1	0.1	0.0	0.0	0.0	0.0	1.970000000000002
198	0.2	108.4	57.9	12.0	0.3	1.1	0.0	0.1	0.2	0.0	0.0	0.0	0.2	0.0	0.1	0.1	0.0	0.0	0.0	0.0	1.9800000000000015
199	0.2	108.4	57.9	12.0	0.3	1.1	0.0	0.1	0.2	0.0	0.0	0.0	0.2	0.0	0.1	0.1	0.0	0.0	0.0	0.0	1.9900000000000015
200	0.2	108.4	57.9	12.0	0.3	1.1	0.0	0.1	0.2	0.0	0.0	0.0	0.2	0.0	0.1	0.1	0.0	0.0	0.0	0.0	2.000000000000001
201	0.2	108.4	57.9	12.0	0.3	1.1	0.0	0.1	0.2	0.0	0.0	0.0	0.2	0.0	0.1	0.1	0.0	0.0	0.0	0.0	2.010000000000001
202	0.1	108.3	58.0	12.0	0.3	1.1	0.0	0.1	0.2	0.0	0.0	0.0	0.2	0.0	0.1	0.1	0.0	0.0	0.0	0.0	2.0200000000000005
203	0.1	108.3	58.0	12.0	0.3	1.1	0.0	0.1	0.2	0.0	0.0	0.0	0.2	0.0	0.1	0.1	0.0	0.0	0.0	0.0	2.0300000000000007
204	0.1	108.3	58.0	12.0	0.3	1.1	0.0	0.1	0.2	0.0	0.0	0.0	0.2	0.0	0.1	0.1	0.0	0.0	0.0	0.0	2.04
205	0.1	108.3	58.0	12.0	0.3	1.1	0.0	0.1	0.2	0.0	0.0	0.0	0.2	0.0	0.1	0.1	0.0	0.0	0.0	0.0	2.0500000000000003
206	0.1	108.3	58.0	12.0	0.3	1.1	0.0	0.1	0.2	0.0	0.0	0.0	0.2	0.0	0.1	0.1	0.0	0.0	0.0	0.0	2.0599999999999996
207	0.1	108.3	58.0	12.0	0.3	1.1	0.0	0.1	0.2	0.0	0.0	0.0	0.2	0.0	0.1	0.1	0.0	0.0	0.0	0.0	2.07
208	0.1	108.3	58.0	12.0	0.3	1.1	0.0	0.1	0.2	0.0	0.0	0.0	0.2	0.0	0.1	0.1	0.0	0.0	0.0	0.0	2.079999999999999
209	0.1	108.3	58.0	12.0	0.3	1.1	0.0	0.1	0.2	0.0	0.0	0.0	0.2	0.0	0.1	0.1	0.0	0.0	0.0	0.0	2.0899999999999994
210	0.1	108.3	58.0	12.0	0.3	1.1	0.0	0.1	0.2	0.0	0.0	0.0	0.2	0.0	0.1	0.1	0.0	0.0	0.0	0.0	2.0999999999999988
211	0.1	108.3	58.0	12.0	0.3	1.1	0.0	0.1	0.2	0.0	0.0	0.0	0.2	0.0	0.1	0.1	0.0	0.0	0.0	0.0	2.109999999999999
212	0.0	108.2	57.9	12.0	0.3	1.1	0.0	0.2	0.2	0.0	0.0	0.0	0.2	0.0	0.1	0.1	0.0	0.0	0.0	0.0	2.1199999999999983
213	0.0	108.2	57.9	12.0	0.3	1.1	0.0	0.2	0.2	0.0	0.0	0.0	0.2	0.0	0.1	0.1	0.0	0.0	0.0	0.0	2.1299999999999986
214	0.0	108.2	57.9	12.0	0.3	1.1	0.0	0.2	0.2	0.0	0.0	0.0	0.2	0.0	0.1	0.1	0.0	0.0	0.0	0.0	2.139999999999998
215	0.0	108.2	57.9	12.0	0.3	1.1	0.0	0.2	0.2	0.0	0.0	0.0	0.2	0.0	0.1	0.1	0.0	0.0	0.0	0.0	2.149999999999998
216	0.0	108.2	57.9	12.0	0.3	1.1	0.0	0.2	0.2	0.0	0.0	0.0	0.2	0.0	0.1	0.1	0.0	0.0	0.0	0.0	2.1599999999999975
217	0.0	108.2	57.9	12.0	0.3	1.1	0.0	0.2	0.2	0.0	0.0	0.0	0.2	0.0	0.1	0.1	0.0	0.0	0.0	0.0	2.1699999999999977
218	0.0	108.2	57.9	12.0	0.3	1.1	0.0	0.2	0.2	0.0	0.0	0.0	0.2	0.0	0.1	0.1	0.0	0.0	0.0	0.0	2.179999999999997
219	0.0	108.2	57.9	12.0	0.3	1.1	0.0	0.2	0.2	0.0	0.0	0.0	0.2	0.0	0.1	0.1	0.0	0.0	0.0	0.0	2.1899999999999973
220	0.0	108.2	57.9	12.0	0.3	1.1	0.0	0.2	0.2	0.0	0.0	0.0	0.2	0.0	0.1	0.1	0.0	0.0	0.0	0.0	2.1999999999999966
221	0.0	108.2	57.9	12.0	0.3	1.1	0.0	0.2	0.2	0.0	0.0	0.0	0.2	0.0	0.1	0.1	0.0	0.0	0.0	0.0	2.209999999999997
222	0.0	108.2	57.9	12.0	0.3	1.1	0.0	0.2	0.2	0.0	0.0	0.0	0.2	0.0	0.1	0.1	0.0	0.0	0.0	0.0	2.219999999999996
223	0.0	108.2	57.9	12.0	0.3	1.1	0.0	0.2	0.2	0.0	0.0	0.0	0.2	0.0	0.1	0.1	0.0	0.0	0.0	0.0	2.2299999999999964
224	0.0	108.2	57.9	12.0	0.3	1.1	0.0	0.2	0.2	0.0	0.0	0.0	0.2	0.0	0.1	0.1	0.0	0.0	0.0	0.0	2.2399999999999958
225	0.0	108.2	57.9	12.0	0.3	1.1	0.0	0.2	0.2	0.0	0.0	0.0	0.2	0.0	0.1	0.1	0.0	0.0	0.0	0.0	2.249999999999996
226	0.0	108.2	57.9	12.0	0.3	1.1	0.0	0.2	0.2	0.0	0.0	0.0	0.2	0.0	0.1	0.1	0.0	0.0	0.0	0.0	2.2599999999999953
227	0.0	108.2	57.9	12.0	0.3	1.1	0.0	0.2	0.2	0.0	0.0	0.0	0.2	0.0	0.1	0.1	0.0	0.0	0.0	0.0	2.2699999999999956
228	0.0	108.2	57.9	12.0	0.3	1.1	0.0	0.2	0.2	0.0	0.0	0.0	0.2	0.0	0.1	0.1	0.0	0.0	0.0	0.0	2.279999999999995
229	0.0	108.2	57.9	12.0	0.3	1.1	0.0	0.2	0.2	0.0	0.0	0.0	0.2	0.0	0.1	0.1	0.0	0.0	0.0	0.0	2.289999999999995
230	0.0	108.2	57.9	12.0	0.3	1.1	0.0	0.2	0.2	0.0	0.0	0.0	0.2	0.0	0.1	0.1	0.0	0.0	0.0	0.0	2.2999999999999945
231	0.0	108.2	57.9	12.0	0.3	1.1	0.0	0.2	0.2	0.0	0.0	0.0	0.2	0.0	0.1	0.1	0.0	0.0	0.0	0.0	2.3099999999999947
232	0.0	108.2	57.9	12.0	0.3	1.1	0.0	0.2	0.2	0.0	0.0	0.0	0.2	0.0	0.1	0.1	0.0	0.0	0.0	0.0	2.319999999999994
233	0.0	108.2	57.9	12.0	0.3	1.1	0.0	0.2	0.2	0.0	0.0	0.0	0.2	0.0	0.1	0.1	0.0	0.0	0.0	0.0	2.3299999999999943
234	0.0	108.2	57.9	12.0	0.3	1.1	0.0	0.2	0.2	0.0	0.0	0.0	0.2	0.0	0.1	0.1	0.0	0.0	0.0	0.0	2.3399999999999936
235	0.0	108.2	57.9	12.0	0.3	1.1	0.0	0.2	0.2	0.0	0.0	0.0	0.2	0.0	0.1	0.1	0.0	0.0	0.0	0.0	2.349999999999994
236	0.0	108.2	57.9	12.0	0.3	1.1	0.0	0.2	0.2	0.0	0.0	0.0	0.2	0.0	0.1	0.1	0.0	0.0	0.0	0.0	2.359999999999993
237	0.0	108.2	57.9	12.0	0.3	1.1	0.0	0.2	0.2	0.0	0.0	0.0	0.2	0.0	0.1	0.1	0.0	0.0	0.0	0.0	2.3699999999999934
238	0.0	108.2	57.9	12.0	0.3	1.1	0.0	0.2	0.2	0.0	0.0	0.0	0.2	0.0	0.1	0.1	0.0	0.0	0.0	0.0	2.379999999999993
239	0.0	108.2	57.9	12.0	0.3	1.1	0.0	0.2	0.2	0.0	0.0	0.0	0.2	0.0	0.1	0.1	0.0	0.0	0.0	0.0	2.389999999999993
240	0.0	108.2	57.9	12.0	0.3	1.1	0.0	0.2	0.2	0.0	0.0	0.0	0.2	0.0	0.1	0.1	0.0	0.0	0.0	0.0	2.3999999999999924
241	0.0	108.2	57.9	11.9	0.4	1.1	0.0	0.2	0.2	0.0	0.0	0.0	0.2	0.0	0.1	0.1	0.0	0.0	0.0	0.0	2.4099999999999926
242	0.0	108.2	57.9	11.9	0.4	1.1	0.0	0.2	0.2	0.0	0.0	0.0	0.2	0.0	0.1	0.1	0.0	0.0	0.0	0.0	2.419999999999992
243	0.0	108.2	57.9	11.9	0.4	1.1	0.0	0.2	0.2	0.0	0.0	0.0	0.2	0.0	0.1	0.1	0.0	0.0	0.0	0.0	2.429999999999992
244	0.0	108.2	57.9	11.9	0.4	1.1	0.0	0.2	0.2	0.0	0.0	0.0	0.2	0.0	0.1	0.1	0.0	0.0	0.0	0.0	2.4399999999999915
245	0.0	108.2	57.9	11.9	0.4	1.1	0.0	0.2	0.2	0.0	0.0	0.0	0.2	0.0	0.1	0.1	0.0	0.0	0.0	0.0	2.4499999999999917
246	0.0	108.2	57.9	11.9	0.4	1.1	0.0	0.2	0.2	0.0	0.0	0.0	0.2	0.0	0.1	0.1	0.0	0.0	0.0	0.0	2.459999999999991
247	0.0	108.2	57.9	11.9	0.4	1.1	0.0	0.2	0.2	0.0	0.0	0.0	0.2	0.0	0.1	0.1	0.0	0.0	0.0	0.0	2.4699999999999913
248	0.0	108.2	57.9	11.9	0.4	1.1	0.0	0.2	0.2	0.0	0.0	0.0	0.2	0.0	0.1	0.1	0.0	0.0	0.0	0.0	2.4799999999999907
249	0.0	108.0	57.9	12.0	0.4	1.1	0.0	0.2	0.2	0.0	0.0	0.0	0.2	0.0	0.1	0.1	0.0	0.0	0.0	0.0	2.489999999999991
250	0.0	108.0	57.9	12.0	0.4	1.1	0.0	0.2	0.2	0.0	0.0	0.0	0.2	0.0	0.1	0.1	0.0	0.0	0.0	0.0	2.4999999999999902
251	0.0	108.0	57.9	12.0	0.4	1.1	0.0	0.2	0.2	0.0	0.0	0.0	0.2	0.0	0.1	0.1	0.0	0.0	0.0	0.0	2.5099999999999905
252	0.0	108.0	57.9	12.0	0.4	1.1	0.0	0.2	0.2	0.0	0.0	0.0	0.2	0.0	0.1	0.1	0.0	0.0	0.0	0.0	2.51999999999999
253	0.0	108.0	57.9	12.0	0.4	1.1	0.0	0.2	0.2	0.0	0.0	0.0	0.2	0.0	0.1	0.1	0.0	0.0	0.0	0.0	2.52999999999999
254	0.0	108.0	57.9	12.0	0.4	1.1	0.0	0.2	0.2	0.0	0.0	0.0	0.2	0.0	0.1	0.1	0.0	0.0	0.0	0.0	2.5399999999999894
255	0.0	108.0	57.9	12.0	0.4	1.1	0.0	0.2	0.2	0.0	0.0	0.0	0.2	0.0	0.1	0.1	0.0	0.0	0.0	0.0	2.5499999999999896
256	0.0	108.0	57.9	12.0	0.4	1.1	0.0	0.2	0.2	0.0	0.0	0.0	0.2	0.0	0.1	0.1	0.0	0.0	0.0	0.0	2.559999999999989
257	0.0	108.0	57.9	12.0	0.4	1.1	0.0	0.2	0.2	0.0	0.0	0.0	0.2	0.0	0.1	0.1	0.0	0.0	0.0	0.0	2.569999999999989
258	0.0	108.0	57.9	12.0	0.4	1.1	0.0	0.2	0.2	0.0	0.0	0.0	0.2	0.0	0.1	0.1	0.0	0.0	0.0	0.0	2.5799999999999885
259	0.0	108.0	57.9	12.0	0.4	1.1	0.0	0.2	0.2	0.0	0.0	0.0	0.2	0.0	0.1	0.1	0.0	0.0	0.0	0.0	2.5899999999999888
260	0.0	108.0	57.9	12.0	0.4	1.1	0.0	0.2	0.2	0.0	0.0	0.0	0.2	0.0	0.1	0.1	0.0	0.0	0.0	0.0	2.599999999999988
261	0.0	108.0	57.9	12.0	0.4	1.1	0.0	0.2	0.2	0.0	0.0	0.0	0.2	0.0	0.1	0.1	0.0	0.0	0.0	0.0	2.6099999999999883
262	0.0	108.0	57.9	12.0	0.4	1.1	0.0	0.2	0.2	0.0	0.0	0.0	0.2	0.0	0.1	0.1	0.0	0.0	0.0	0.0	2.6199999999999877
263	0.0	108.0	57.9	12.0	0.4	1.1	0.0	0.2	0.2	0.0	0.0	0.0	0.2	0.0	0.1	0.1	0.0	0.0	0.0	0.0	2.629999999999988
264	0.0	108.0	57.9	12.0	0.4	1.1	0.0	0.2	0.2	0.0	0.0	0.0	0.2	0.0	0.1	0.1	0.0	0.0	0.0	0.0	2.6399999999999872
265	0.0	108.0	57.9	12.0	0.4	1.1	0.0	0.2	0.2	0.0	0.0	0.0	0.2	0.0	0.1	0.1	0.0	0.0	0.0	0.0	2.6499999999999875
266	0.0	108.0	57.9	12.0	0.4	1.1	0.0	0.2	0.2	0.0	0.0	0.0	0.2	0.0	0.1	0.1	0.0	0.0	0.0	0.0	2.659999999999987
267	0.0	108.0	57.9	12.0	0.4	1.1	0.0	0.2	0.2	0.0	0.0	0.0	0.2	0.0	0.1	0.1	0.0	0.0	0.0	0.0	2.669999999999987
268	0.0	108.0	57.9	12.0	0.4	1.1	0.0	0.2	0.2	0.0	0.0	0.0	0.2	0.0	0.1	0.1	0.0	0.0	0.0	0.0	2.6799999999999864
269	0.0	108.0	57.9	12.0	0.4	1.1	0.0	0.2	0.2	0.0	0.0	0.0	0.2	0.0	0.1	0.1	0.0	0.0	0.0	0.0	2.6899999999999866
270	0.0	108.0	57.9	12.0	0.4	1.1	0.0	0.2	0.2	0.0	0.0	0.0	0.2	0.0	0.1	0.1	0.0	0.0	0.0	0.0	2.699999999999986
271	0.0	108.0	57.9	12.0	0.4	1.1	0.0	0.2	0.2	0.0	0.0	0.0	0.2	0.0	0.1	0.1	0.0	0.0	0.0	0.0	2.709999999999986
272	0.0	108.0	57.9	12.0	0.4	1.1	0.0	0.2	0.2	0.0	0.0	0.0	0.2	0.0	0.1	0.1	0.0	0.0	0.0	0.0	2.7199999999999855
273	0.0	108.0	57.9	12.0	0.4	1.1	0.0	0.2	0.2	0.0	0.0	0.0	0.2	0.0	0.1	0.1	0.0	0.0	0.0	0.0	2.7299999999999858
274	0.0	108.0	57.9	12.0	0.4	1.1	0.0	0.2	0.2	0.0	0.0	0.0	0.2	0.0	0.1	0.1	0.0	0.0	0.0	0.0	2.739999999999985
275	0.0	108.0	57.9	12.0	0.4	1.1	0.0	0.2	0.2	0.0	0.0	0.0	0.2	0.0	0.1	0.1	0.0	0.0	0.0	0.0	2.7499999999999853
276	0.0	108.0	57.9	12.0	0.4	1.1	0.0	0.2	0.2	0.0	0.0	0.0	0.2	0.0	0.1	0.1	0.0	0.0	0.0	0.0	2.7599999999999847
277	0.0	108.0	57.9	12.0	0.4	1.1	0.0	0.2	0.2	0.0	0.0	0.0	0.2	0.0	0.1	0.1	0.0	0.0	0.0	0.0	2.769999999999985
278	0.0	108.0	57.9	12.0	0.4	1.1	0.0	0.2	0.2	0.0	0.0	0.0	0.2	0.0	0.1	0.1	0.0	0.0	0.0	0.0	2.7799999999999843
279	0.0	108.0	57.9	12.0	0.4	1.1	0.0	0.2	0.2	0.0	0.0	0.0	0.2	0.0	0.1	0.1	0.0	0.0	0.0	0.0	2.7899999999999845
280	0.0	108.0	57.9	12.0	0.4	1.1	0.0	0.2	0.2	0.0	0.0	0.0	0.2	0.0	0.1	0.1	0.0	0.0	0.0	0.0	2.799999999999984
281	0.0	108.0	57.9	12.0	0.4	1.1	0.0	0.2	0.2	0.0	0.0	0.0	0.2	0.0	0.1	0.1	0.0	0.0	0.0	0.0	2.809999999999984
282	0.0	108.0	57.9	12.0	0.4	1.1	0.0	0.2	0.2	0.0	0.0	0.0	0.2	0.0	0.1	0.1	0.0	0.0	0.0	0.0	2.8199999999999834
283	0.0	108.0	57.9	12.0	0.4	1.1	0.0	0.2	0.2	0.0	0.0	0.0	0.2	0.0	0.1	0.1	0.0	0.0	0.0	0.0	2.8299999999999836
284	0.0	108.0	57.9	12.0	0.4	1.1	0.0	0.2	0.2	0.0	0.0	0.0	0.2	0.0	0.1	0.1	0.0	0.0	0.0	0.0	2.839999999999983
285	0.0	108.0	57.9	12.0	0.4	1.1	0.0	0.2	0.2	0.0	0.0	0.0	0.2	0.0	0.1	0.1	0.0	0.0	0.0	0.0	2.849999999999983
286	0.0	108.0	57.9	12.0	0.4	1.1	0.0	0.2	0.2	0.0	0.0	0.0	0.2	0.0	0.1	0.1	0.0	0.0	0.0	0.0	2.8599999999999826
287	0.0	108.0	57.9	12.0	0.4	1.1	0.0	0.2	0.2	0.0	0.0	0.0	0.2	0.0	0.1	0.1	0.0	0.0	0.0	0.0	2.869999999999983
288	0.0	108.0	57.9	12.0	0.4	1.1	0.0	0.2	0.2	0.0	0.0	0.0	0.2	0.0	0.1	0.1	0.0	0.0	0.0	0.0	2.879999999999982
289	0.0	108.0	57.9	12.0	0.4	1.1	0.0	0.2	0.2	0.0	0.0	0.0	0.2	0.0	0.1	0.1	0.0	0.0	0.0	0.0	2.8899999999999824
290	0.0	108.0	57.9	12.0	0.4	1.1	0.0	0.2	0.2	0.0	0.0	0.0	0.2	0.0	0.1	0.1	0.0	0.0	0.0	0.0	2.8999999999999817
291	0.0	108.0	57.9	12.0	0.4	1.1	0.0	0.2	0.2	0.0	0.0	0.0	0.2	0.0	0.1	0.1	0.0	0.0	0.0	0.0	2.909999999999982
292	0.0	108.0	57.9	12.0	0.4	1.1	0.0	0.2	0.2	0.0	0.0	0.0	0.2	0.0	0.1	0.1	0.0	0.0	0.0	0.0	2.9199999999999813
293	0.0	108.0	57.9	12.0	0.4	1.1	0.0	0.2	0.2	0.0	0.0	0.0	0.2	0.0	0.1	0.1	0.0	0.0	0.0	0.0	2.9299999999999815
294	0.0	108.0	57.9	12.0	0.4	1.1	0.0	0.2	0.2	0.0	0.0	0.0	0.2	0.0	0.1	0.1	0.0	0.0	0.0	0.0	2.939999999999981
295	0.0	108.0	57.9	12.0	0.4	1.1	0.0	0.2	0.2	0.0	0.0	0.0	0.2	0.0	0.1	0.1	0.0	0.0	0.0	0.0	2.949999999999981
296	0.0	108.0	57.9	12.0	0.4	1.1	0.0	0.2	0.2	0.0	0.0	0.0	0.2	0.0	0.1	0.1	0.0	0.0	0.0	0.0	2.9599999999999804
297	0.0	108.0	57.9	12.0	0.4	1.1	0.0	0.2	0.2	0.0	0.0	0.0	0.2	0.0	0.1	0.1	0.0	0.0	0.0	0.0	2.9699999999999807
298	0.0	108.0	57.9	12.0	0.4	1.1	0.0	0.2	0.2	0.0	0.0	0.0	0.2	0.0	0.1	0.1	0.0	0.0	0.0	0.0	2.97999999999998
299	0.0	108.0	57.9	12.0	0.4	1.1	0.0	0.2	0.2	0.0	0.0	0.0	0.2	0.0	0.1	0.1	0.0	0.0	0.0	0.0	2.9899999999999802
300	0.0	108.0	57.9	12.0	0.4	1.1	0.0	0.2	0.2	0.0	0.0	0.0	0.2	0.0	0.1	0.1	0.0	0.0	0.0	0.0	2.9999999999999796
301	0.0	108.0	57.9	12.0	0.4	1.1	0.0	0.2	0.2	0.0	0.0	0.0	0.2	0.0	0.1	0.1	0.0	0.0	0.0	0.0	3.00999999999998
302	0.0	108.0	57.9	12.0	0.4	1.1	0.0	0.2	0.2	0.0	0.0	0.0	0.2	0.0	0.1	0.1	0.0	0.0	0.0	0.0	3.019999999999979
303	0.0	108.0	57.9	12.0	0.4	1.1	0.0	0.2	0.2	0.0	0.0	0.0	0.2	0.0	0.1	0.1	0.0	0.0	0.0	0.0	3.0299999999999794
304	0.0	108.0	57.9	12.0	0.4	1.1	0.0	0.2	0.2	0.0	0.0	0.0	0.2	0.0	0.1	0.1	0.0	0.0	0.0	0.0	3.0399999999999787
305	0.0	108.0	57.9	12.0	0.4	1.1	0.0	0.2	0.2	0.0	0.0	0.0	0.2	0.0	0.1	0.1	0.0	0.0	0.0	0.0	3.049999999999979
306	0.0	108.0	57.9	12.0	0.4	1.1	0.0	0.2	0.2	0.0	0.0	0.0	0.2	0.0	0.1	0.1	0.0	0.0	0.0	0.0	3.0599999999999783
307	0.0	108.0	57.9	12.0	0.4	1.1	0.0	0.2	0.2	0.0	0.0	0.0	0.2	0.0	0.1	0.1	0.0	0.0	0.0	0.0	3.0699999999999785
308	0.0	108.0	57.9	12.0	0.4	1.1	0.0	0.2	0.2	0.0	0.0	0.0	0.2	0.0	0.1	0.1	0.0	0.0	0.0	0.0	3.079999999999978
309	0.0	108.0	57.9	12.0	0.4	1.1	0.0	0.2	0.2	0.0	0.0	0.0	0.2	0.0	0.1	0.1	0.0	0.0	0.0	0.0	3.089999999999978
310	0.0	108.0	57.9	12.0	0.4	1.1	0.0	0.2	0.2	0.0	0.0	0.0	0.2	0.0	0.1	0.1	0.0	0.0	0.0	0.0	3.0999999999999774
311	0.0	108.0	57.9	12.0	0.4	1.1	0.0	0.2	0.2	0.0	0.0	0.0	0.2	0.0	0.1	0.1	0.0	0.0	0.0	0.0	3.1099999999999777
312	0.0	108.0	57.9	12.0	0.4	1.1	0.0	0.2	0.2	0.0	0.0	0.0	0.2	0.0	0.1	0.1	0.0	0.0	0.0	0.0	3.119999999999977
313	0.0	108.0	57.9	12.0	0.4	1.1	0.0	0.2	0.2	0.0	0.0	0.0	0.2	0.0	0.1	0.1	0.0	0.0	0.0	0.0	3.1299999999999772
314	0.0	108.0	57.9	12.0	0.4	1.1	0.0	0.2	0.2	0.0	0.0	0.0	0.2	0.0	0.1	0.1	0.0	0.0	0.0	0.0	3.1399999999999766
315	0.0	108.0	57.9	12.0	0.4	1.1	0.0	0.2	0.2	0.0	0.0	0.0	0.2	0.0	0.1	0.1	0.0	0.0	0.0	0.0	3.149999999999977
316	0.0	108.0	57.9	12.0	0.4	1.1	0.0	0.2	0.2	0.0	0.0	0.0	0.2	0.0	0.1	0.1	0.0	0.0	0.0	0.0	3.159999999999976
317	0.0	108.0	57.9	12.0	0.4	1.1	0.0	0.2	0.2	0.0	0.0	0.0	0.2	0.0	0.1	0.1	0.0	0.0	0.0	0.0	3.1699999999999764
318	0.0	108.0	57.9	12.0	0.4	1.1	0.0	0.2	0.2	0.0	0.0	0.0	0.2	0.0	0.1	0.1	0.0	0.0	0.0	0.0	3.1799999999999757
319	0.0	108.0	57.9	12.0	0.4	1.1	0.0	0.2	0.2	0.0	0.0	0.0	0.2	0.0	0.1	0.1	0.0	0.0	0.0	0.0	3.189999999999976
320	0.0	108.0	57.9	12.0	0.4	1.1	0.0	0.2	0.2	0.0	0.0	0.0	0.2	0.0	0.1	0.1	0.0	0.0	0.0	0.0	3.1999999999999753
321	0.0	108.0	57.9	12.0	0.4	1.1	0.0	0.2	0.2	0.0	0.0	0.0	0.2	0.0	0.1	0.1	0.0	0.0	0.0	0.0	3.209999999999975
322	0.0	108.0	57.9	12.0	0.4	1.1	0.0	0.2	0.2	0.0	0.0	0.0	0.2	0.0	0.1	0.1	0.0	0.0	0.0	0.0	3.219999999999975
323	0.0	108.0	57.9	12.0	0.4	1.1	0.0	0.2	0.2	0.0	0.0	0.0	0.2	0.0	0.1	0.1	0.0	0.0	0.0	0.0	3.2299999999999747
324	0.0	108.0	57.9	12.0	0.4	1.1	0.0	0.2	0.2	0.0	0.0	0.0	0.2	0.0	0.1	0.1	0.0	0.0	0.0	0.0	3.2399999999999745
325	0.0	108.0	57.9	12.0	0.4	1.1	0.0	0.2	0.2	0.0	0.0	0.0	0.2	0.0	0.1	0.1	0.0	0.0	0.0	0.0	3.2499999999999742
326	0.0	108.0	57.9	12.0	0.4	1.1	0.0	0.2	0.2	0.0	0.0	0.0	0.2	0.0	0.1	0.1	0.0	0.0	0.0	0.0	3.259999999999974
327	0.0	108.0	57.9	12.0	0.4	1.1	0.0	0.2	0.2	0.0	0.0	0.0	0.2	0.0	0.1	0.1	0.0	0.0	0.0	0.0	3.269999999999974
328	0.0	108.0	57.9	12.0	0.4	1.1	0.0	0.2	0.2	0.0	0.0	0.0	0.2	0.0	0.1	0.1	0.0	0.0	0.0	0.0	3.2799999999999736
329	0.0	108.0	57.9	12.0	0.4	1.1	0.0	0.2	0.2	0.0	0.0	0.0	0.2	0.0	0.1	0.1	0.0	0.0	0.0	0.0	3.2899999999999734
330	0.0	108.0	57.9	12.0	0.4	1.1	0.0	0.2	0.2	0.0	0.0	0.0	0.2	0.0	0.0	0.1	0.0	0.1	0.0	0.0	3.299999999999973
331	0.0	108.0	57.9	12.0	0.4	1.1	0.0	0.2	0.2	0.0	0.0	0.0	0.2	0.0	0.0	0.1	0.0	0.1	0.0	0.0	3.309999999999973
332	0.0	108.0	57.9	12.0	0.4	1.1	0.0	0.2	0.2	0.0	0.0	0.0	0.2	0.0	0.0	0.1	0.0	0.1	0.0	0.0	3.3199999999999728
333	0.0	108.0	57.9	12.0	0.4	1.1	0.0	0.2	0.2	0.0	0.0	0.0	0.2	0.0	0.0	0.1	0.0	0.1	0.0	0.0	3.3299999999999725
334	0.0	108.0	57.9	12.0	0.4	1.1	0.0	0.2	0.2	0.0	0.0	0.0	0.2	0.0	0.0	0.1	0.0	0.1	0.0	0.0	3.3399999999999723
335	0.0	108.0	57.9	12.0	0.4	1.1	0.0	0.2	0.2	0.0	0.0	0.0	0.2	0.0	0.0	0.1	0.0	0.1	0.0	0.0	3.349999999999972
336	0.0	108.0	57.9	12.0	0.4	1.1	0.0	0.2	0.2	0.0	0.0	0.0	0.2	0.0	0.0	0.1	0.0	0.1	0.0	0.0	3.359999999999972
337	0.0	108.0	57.9	12.0	0.4	1.1	0.0	0.2	0.2	0.0	0.0	0.0	0.2	0.0	0.0	0.1	0.0	0.1	0.0	0.0	3.3699999999999717
338	0.0	108.0	57.9	12.0	0.4	1.1	0.0	0.2	0.2	0.0	0.0	0.0	0.2	0.0	0.0	0.1	0.0	0.1	0.0	0.0	3.3799999999999715
339	0.0	108.0	57.9	12.0	0.4	1.1	0.0	0.2	0.2	0.0	0.0	0.0	0.2	0.0	0.0	0.1	0.0	0.1	0.0	0.0	3.3899999999999713
340	0.0	108.0	57.9	12.0	0.4	1.1	0.0	0.2	0.2	0.0	0.0	0.0	0.2	0.0	0.0	0.1	0.0	0.1	0.0	0.0	3.399999999999971
341	0.0	108.0	57.9	12.0	0.4	1.1	0.0	0.2	0.2	0.0	0.0	0.0	0.2	0.0	0.0	0.1	0.0	0.1	0.0	0.0	3.409999999999971
342	0.0	108.0	57.9	12.0	0.4	1.1	0.0	0.2	0.2	0.0	0.0	0.0	0.2	0.0	0.0	0.1	0.0	0.1	0.0	0.0	3.4199999999999706
343	0.0	108.0	57.9	12.0	0.4	1.1	0.0	0.2	0.2	0.0	0.0	0.0	0.2	0.0	0.0	0.1	0.0	0.1	0.0	0.0	3.4299999999999704
344	0.0	108.0	57.9	12.0	0.4	1.1	0.0	0.2	0.2	0.0	0.0	0.0	0.2	0.0	0.0	0.1	0.0	0.1	0.0	0.0	3.43999999999997
345	0.0	108.0	57.9	12.0	0.4	1.1	0.0	0.2	0.2	0.0	0.0	0.0	0.2	0.0	0.0	0.1	0.0	0.1	0.0	0.0	3.44999999999997
346	0.0	108.0	57.9	12.0	0.4	1.1	0.0	0.2	0.2	0.0	0.0	0.0	0.2	0.0	0.0	0.1	0.0	0.1	0.0	0.0	3.4599999999999698
347	0.0	108.0	57.9	12.0	0.4	1.1	0.0	0.2	0.2	0.0	0.0	0.0	0.2	0.0	0.0	0.1	0.0	0.1	0.0	0.0	3.4699999999999696
348	0.0	108.0	57.9	12.0	0.4	1.1	0.0	0.2	0.2	0.0	0.0	0.0	0.2	0.0	0.0	0.1	0.0	0.1	0.0	0.0	3.4799999999999693
349	0.0	108.0	57.9	12.0	0.4	1.1	0.0	0.2	0.2	0.0	0.0	0.0	0.2	0.0	0.0	0.1	0.0	0.1	0.0	0.0	3.489999999999969
350	0.0	108.0	57.9	12.0	0.4	1.1	0.0	0.2	0.2	0.0	0.0	0.0	0.2	0.0	0.0	0.1	0.0	0.1	0.0	0.0	3.499999999999969
351	0.0	108.0	57.9	12.0	0.4	1.1	0.0	0.2	0.2	0.0	0.0	0.0	0.2	0.0	0.0	0.1	0.0	0.1	0.0	0.0	3.5099999999999687
352	0.0	108.0	57.9	12.0	0.4	1.1	0.0	0.2	0.2	0.0	0.0	0.0	0.2	0.0	0.0	0.1	0.0	0.1	0.0	0.0	3.5199999999999685
353	0.0	108.0	57.9	12.0	0.4	1.1	0.0	0.2	0.2	0.0	0.0	0.0	0.2	0.0	0.0	0.1	0.0	0.1	0.0	0.0	3.5299999999999683
354	0.0	108.0	57.9	12.0	0.4	1.1	0.0	0.2	0.2	0.0	0.0	0.0	0.2	0.0	0.0	0.1	0.0	0.1	0.0	0.0	3.539999999999968
355	0.0	108.0	57.9	12.0	0.4	1.1	0.0	0.2	0.2	0.0	0.0	0.0	0.2	0.0	0.0	0.1	0.0	0.1	0.0	0.0	3.549999999999968
356	0.0	108.0	57.9	12.0	0.4	1.1	0.0	0.2	0.2	0.0	0.0	0.0	0.2	0.0	0.0	0.1	0.0	0.1	0.0	0.0	3.5599999999999676
357	0.0	108.0	57.9	12.0	0.4	1.1	0.0	0.2	0.2	0.0	0.0	0.0	0.2	0.0	0.0	0.1	0.0	0.1	0.0	0.0	3.5699999999999674
358	0.0	108.0	57.9	12.0	0.4	1.1	0.0	0.2	0.2	0.0	0.0	0.0	0.2	0.0	0.0	0.1	0.0	0.1	0.0	0.0	3.5799999999999677
359	0.0	108.0	57.9	12.0	0.4	1.1	0.0	0.2	0.2	0.0	0.0	0.0	0.2	0.0	0.0	0.1	0.0	0.1	0.0	0.0	3.589999999999967
360	0.0	108.0	57.9	12.0	0.4	1.1	0.0	0.2	0.2	0.0	0.0	0.0	0.2	0.0	0.0	0.1	0.0	0.1	0.0	0.0	3.599999999999967
361	0.0	108.0	57.9	12.0	0.4	1.1	0.0	0.2	0.2	0.0	0.0	0.0	0.2	0.0	0.0	0.1	0.0	0.1	0.0	0.0	3.6099999999999666
362	0.0	108.0	57.9	12.0	0.4	1.1	0.0	0.2	0.2	0.0	0.0	0.0	0.2	0.0	0.0	0.1	0.0	0.1	0.0	0.0	3.619999999999967
363	0.0	108.0	57.9	12.0	0.4	1.1	0.0	0.2	0.2	0.0	0.0	0.0	0.2	0.0	0.0	0.1	0.0	0.1	0.0	0.0	3.629999999999966
364	0.0	108.0	57.9	12.0	0.4	1.1	0.0	0.2	0.2	0.0	0.0	0.0	0.2	0.0	0.0	0.1	0.0	0.1	0.0	0.0	3.639999999999966
365	0.0	108.0	57.9	12.0	0.4	1.1	0.0	0.2	0.2	0.0	0.0	0.0	0.2	0.0	0.0	0.1	0.0	0.1	0.0	0.0	3.6499999999999657
366	0.0	108.0	57.9	12.0	0.4	1.1	0.0	0.2	0.2	0.0	0.0	0.0	0.2	0.0	0.0	0.1	0.0	0.1	0.0	0.0	3.659999999999966
367	0.0	108.0	57.9	12.0	0.4	1.1	0.0	0.2	0.2	0.0	0.0	0.0	0.2	0.0	0.0	0.1	0.0	0.1	0.0	0.0	3.6699999999999653
368	0.0	108.0	57.9	12.0	0.4	1.1	0.0	0.2	0.2	0.0	0.0	0.0	0.2	0.0	0.0	0.1	0.0	0.1	0.0	0.0	3.679999999999965
369	0.0	108.0	57.9	12.0	0.4	1.1	0.0	0.2	0.2	0.0	0.0	0.0	0.2	0.0	0.0	0.1	0.0	0.1	0.0	0.0	3.689999999999965
370	0.0	108.0	57.9	12.0	0.4	1.1	0.0	0.2	0.2	0.0	0.0	0.0	0.2	0.0	0.0	0.1	0.0	0.1	0.0	0.0	3.699999999999965
371	0.0	108.0	57.9	12.0	0.4	1.1	0.0	0.2	0.2	0.0	0.0	0.0	0.2	0.0	0.0	0.1	0.0	0.1	0.0	0.0	3.7099999999999644
372	0.0	108.0	57.9	12.0	0.4	1.1	0.0	0.2	0.2	0.0	0.0	0.0	0.2	0.0	0.0	0.1	0.0	0.1	0.0	0.0	3.7199999999999642
373	0.0	108.0	57.9	12.0	0.4	1.1	0.0	0.2	0.2	0.0	0.0	0.0	0.2	0.0	0.0	0.1	0.0	0.1	0.0	0.0	3.729999999999964
374	0.0	108.0	57.9	12.0	0.4	1.1	0.0	0.2	0.2	0.0	0.0	0.0	0.2	0.0	0.0	0.1	0.0	0.1	0.0	0.0	3.7399999999999642
375	0.0	108.0	57.9	12.0	0.4	1.1	0.0	0.2	0.2	0.0	0.0	0.0	0.2	0.0	0.0	0.1	0.0	0.1	0.0	0.0	3.7499999999999636
376	0.0	108.0	57.9	12.0	0.4	1.1	0.0	0.2	0.2	0.0	0.0	0.0	0.2	0.0	0.0	0.1	0.0	0.1	0.0	0.0	3.7599999999999634
377	0.0	108.0	57.9	12.0	0.4	1.1	0.0	0.2	0.2	0.0	0.0	0.0	0.2	0.0	0.0	0.1	0.0	0.1	0.0	0.0	3.769999999999963
378	0.0	108.0	57.9	12.0	0.4	1.1	0.0	0.2	0.2	0.0	0.0	0.0	0.2	0.0	0.0	0.1	0.0	0.1	0.0	0.0	3.7799999999999634
379	0.0	108.0	57.9	12.0	0.4	1.1	0.0	0.2	0.2	0.0	0.0	0.0	0.2	0.0	0.0	0.1	0.0	0.1	0.0	0.0	3.7899999999999627
380	0.0	108.0	57.9	12.0	0.4	1.1	0.0	0.2	0.2	0.0	0.0	0.0	0.2	0.0	0.0	0.1	0.0	0.1	0.0	0.0	3.7999999999999625
381	0.0	108.0	57.9	12.0	0.4	1.1	0.0	0.2	0.2	0.0	0.0	0.0	0.2	0.0	0.0	0.1	0.0	0.1	0.0	0.0	3.8099999999999623
382	0.0	108.0	57.9	12.0	0.4	1.1	0.0	0.2	0.2	0.0	0.0	0.0	0.2	0.0	0.0	0.1	0.0	0.1	0.0	0.0	3.8199999999999625
383	0.0	108.0	57.9	12.0	0.4	1.1	0.0	0.2	0.2	0.0	0.0	0.0	0.2	0.0	0.0	0.1	0.0	0.1	0.0	0.0	3.829999999999962
384	0.0	108.0	57.9	12.0	0.4	1.1	0.0	0.2	0.2	0.0	0.0	0.0	0.2	0.0	0.0	0.1	0.0	0.1	0.0	0.0	3.8399999999999617
385	0.0	108.0	57.9	12.0	0.4	1.1	0.0	0.2	0.2	0.0	0.0	0.0	0.2	0.0	0.0	0.1	0.0	0.1	0.0	0.0	3.8499999999999615
386	0.0	108.0	57.9	12.0	0.4	1.1	0.0	0.2	0.2	0.0	0.0	0.0	0.2	0.0	0.0	0.1	0.0	0.1	0.0	0.0	3.8599999999999617
387	0.0	108.0	57.9	12.0	0.4	1.1	0.0	0.2	0.2	0.0	0.0	0.0	0.2	0.0	0.0	0.1	0.0	0.1	0.0	0.0	3.869999999999961
388	0.0	108.0	57.9	12.0	0.4	1.1	0.0	0.2	0.2	0.0	0.0	0.0	0.2	0.0	0.0	0.1	0.0	0.1	0.0	0.0	3.879999999999961
389	0.0	108.0	57.9	12.0	0.4	1.1	0.0	0.2	0.2	0.0	0.0	0.0	0.2	0.0	0.0	0.1	0.0	0.1	0.0	0.0	3.8899999999999606
390	0.0	108.0	57.9	12.0	0.4	1.1	0.0	0.2	0.2	0.0	0.0	0.0	0.2	0.0	0.0	0.1	0.0	0.1	0.0	0.0	3.899999999999961
391	0.0	108.0	57.9	12.0	0.4	1.1	0.0	0.2	0.2	0.0	0.0	0.0	0.2	0.0	0.0	0.1	0.0	0.1	0.0	0.0	3.90999999999996
392	0.0	108.0	57.9	12.0	0.4	1.1	0.0	0.2	0.2	0.0	0.0	0.0	0.2	0.0	0.0	0.1	0.0	0.1	0.0	0.0	3.91999999999996
393	0.0	108.0	57.9	12.0	0.4	1.1	0.0	0.2	0.2	0.0	0.0	0.0	0.2	0.0	0.0	0.1	0.0	0.1	0.0	0.0	3.9299999999999597
394	0.0	108.0	57.9	12.0	0.4	1.1	0.0	0.2	0.2	0.0	0.0	0.0	0.2	0.0	0.0	0.1	0.0	0.1	0.0	0.0	3.93999999999996
395	0.0	108.0	57.9	12.0	0.4	1.1	0.0	0.2	0.2	0.0	0.0	0.0	0.2	0.0	0.0	0.1	0.0	0.1	0.0	0.0	3.9499999999999593
396	0.0	108.0	57.9	12.0	0.4	1.1	0.0	0.2	0.2	0.0	0.0	0.0	0.2	0.0	0.0	0.1	0.0	0.1	0.0	0.0	3.959999999999959
397	0.0	108.0	57.9	12.0	0.4	1.1	0.0	0.2	0.2	0.0	0.0	0.0	0.2	0.0	0.0	0.1	0.0	0.1	0.0	0.0	3.969999999999959
398	0.0	108.0	57.9	12.0	0.4	1.1	0.0	0.2	0.2	0.0	0.0	0.0	0.2	0.0	0.0	0.1	0.0	0.1	0.0	0.0	3.979999999999959
399	0.0	108.0	57.9	12.0	0.4	1.1	0.0	0.2	0.2	0.0	0.0	0.0	0.2	0.0	0.0	0.1	0.0	0.1	0.0	0.0	3.9899999999999585
400	0.0	108.0	57.9	12.0	0.4	1.1	0.0	0.2	0.2	0.0	0.0	0.0	0.2	0.0	0.0	0.1	0.0	0.1	0.0	0.0	3.9999999999999583
401	0.0	108.0	57.9	12.0	0.4	1.1	0.0	0.2	0.2	0.0	0.0	0.0	0.2	0.0	0.0	0.1	0.0	0.1	0.0	0.0	4.00999999999996
402	0.0	108.0	57.9	12.0	0.4	1.1	0.0	0.2	0.2	0.0	0.0	0.0	0.2	0.0	0.0	0.1	0.0	0.1	0.0	0.0	4.01999999999996
403	0.0	108.0	57.9	12.0	0.4	1.1	0.0	0.2	0.2	0.0	0.0	0.0	0.2	0.0	0.0	0.1	0.0	0.1	0.0	0.0	4.0299999999999585
404	0.0	108.0	57.9	12.0	0.4	1.1	0.0	0.2	0.2	0.0	0.0	0.0	0.2	0.0	0.0	0.1	0.0	0.1	0.0	0.0	4.039999999999957
405	0.0	108.0	57.9	12.0	0.4	1.1	0.0	0.2	0.2	0.0	0.0	0.0	0.2	0.0	0.0	0.1	0.0	0.1	0.0	0.0	4.049999999999957
406	0.0	108.0	57.9	12.0	0.4	1.1	0.0	0.2	0.2	0.0	0.0	0.0	0.2	0.0	0.0	0.1	0.0	0.1	0.0	0.0	4.059999999999959
407	0.0	108.0	57.9	12.0	0.4	1.1	0.0	0.2	0.2	0.0	0.0	0.0	0.2	0.0	0.0	0.1	0.0	0.1	0.0	0.0	4.069999999999958
408	0.0	108.0	57.9	12.0	0.4	1.1	0.0	0.2	0.2	0.0	0.0	0.0	0.2	0.0	0.0	0.1	0.0	0.1	0.0	0.0	4.0799999999999566
409	0.0	108.0	57.9	12.0	0.4	1.1	0.0	0.2	0.2	0.0	0.0	0.0	0.2	0.0	0.0	0.1	0.0	0.1	0.0	0.0	4.089999999999958
410	0.0	108.0	57.9	12.0	0.4	1.1	0.0	0.2	0.2	0.0	0.0	0.0	0.2	0.0	0.0	0.1	0.0	0.1	0.0	0.0	4.099999999999958
411	0.0	108.0	57.9	12.0	0.4	1.1	0.0	0.2	0.2	0.0	0.0	0.0	0.2	0.0	0.0	0.1	0.0	0.1	0.0	0.0	4.109999999999957
412	0.0	108.0	57.9	12.0	0.4	1.1	0.0	0.2	0.2	0.0	0.0	0.0	0.2	0.0	0.0	0.1	0.0	0.1	0.0	0.0	4.119999999999956
413	0.0	108.0	57.9	12.0	0.4	1.1	0.0	0.2	0.2	0.0	0.0	0.0	0.2	0.0	0.0	0.1	0.0	0.1	0.0	0.0	4.1299999999999555
414	0.0	108.0	57.9	12.0	0.4	1.1	0.0	0.2	0.2	0.0	0.0	0.0	0.2	0.0	0.0	0.1	0.0	0.1	0.0	0.0	4.139999999999957
415	0.0	108.0	57.9	12.0	0.4	1.1	0.0	0.2	0.2	0.0	0.0	0.0	0.2	0.0	0.0	0.1	0.0	0.1	0.0	0.0	4.149999999999956
416	0.0	108.0	57.9	12.0	0.4	1.1	0.0	0.2	0.2	0.0	0.0	0.0	0.2	0.0	0.0	0.1	0.0	0.1	0.0	0.0	4.159999999999955
417	0.0	108.0	57.9	12.0	0.4	1.1	0.0	0.2	0.2	0.0	0.0	0.0	0.2	0.0	0.0	0.1	0.0	0.1	0.0	0.0	4.169999999999956
418	0.0	108.0	57.9	12.0	0.4	1.1	0.0	0.2	0.2	0.0	0.0	0.0	0.2	0.0	0.0	0.1	0.0	0.1	0.0	0.0	4.179999999999956
419	0.0	108.0	57.9	12.0	0.4	1.1	0.0	0.2	0.2	0.0	0.0	0.0	0.2	0.0	0.0	0.1	0.0	0.1	0.0	0.0	4.189999999999955
420	0.0	108.0	57.9	12.0	0.4	1.1	0.0	0.2	0.2	0.0	0.0	0.0	0.2	0.0	0.0	0.1	0.0	0.1	0.0	0.0	4.199999999999954
421	0.0	108.0	57.9	12.0	0.4	1.1	0.0	0.2	0.2	0.0	0.0	0.0	0.2	0.0	0.0	0.1	0.0	0.1	0.0	0.0	4.209999999999954
422	0.0	108.0	57.9	12.0	0.4	1.1	0.0	0.2	0.2	0.0	0.0	0.0	0.2	0.0	0.0	0.1	0.0	0.1	0.0	0.0	4.219999999999955
423	0.0	108.0	57.9	12.0	0.4	1.1	0.0	0.2	0.2	0.0	0.0	0.0	0.2	0.0	0.0	0.1	0.0	0.1	0.0	0.0	4.229999999999954
424	0.0	108.0	57.9	12.0	0.4	1.1	0.0	0.2	0.2	0.0	0.0	0.0	0.2	0.0	0.0	0.1	0.0	0.1	0.0	0.0	4.239999999999953
425	0.0	108.0	57.9	12.0	0.4	1.1	0.0	0.2	0.2	0.0	0.0	0.0	0.2	0.0	0.0	0.1	0.0	0.1	0.0	0.0	4.249999999999955
426	0.0	108.0	57.9	12.0	0.4	1.1	0.0	0.2	0.2	0.0	0.0	0.0	0.2	0.0	0.0	0.1	0.0	0.1	0.0	0.0	4.2599999999999545
427	0.0	108.0	57.9	12.0	0.4	1.1	0.0	0.2	0.2	0.0	0.0	0.0	0.2	0.0	0.0	0.1	0.0	0.1	0.0	0.0	4.269999999999953
428	0.0	108.0	57.9	12.0	0.4	1.1	0.0	0.2	0.2	0.0	0.0	0.0	0.2	0.0	0.0	0.1	0.0	0.1	0.0	0.0	4.279999999999952
429	0.0	108.0	57.9	12.0	0.4	1.1	0.0	0.2	0.2	0.0	0.0	0.0	0.2	0.0	0.0	0.1	0.0	0.1	0.0	0.0	4.289999999999952
430	0.0	108.0	57.9	12.0	0.4	1.1	0.0	0.2	0.2	0.0	0.0	0.0	0.2	0.0	0.0	0.1	0.0	0.1	0.0	0.0	4.299999999999954
431	0.0	108.0	57.9	12.0	0.4	1.1	0.0	0.2	0.2	0.0	0.0	0.0	0.2	0.0	0.0	0.1	0.0	0.1	0.0	0.0	4.3099999999999525
432	0.0	108.0	57.9	12.0	0.4	1.1	0.0	0.2	0.2	0.0	0.0	0.0	0.2	0.0	0.0	0.1	0.0	0.1	0.0	0.0	4.319999999999951
433	0.0	108.0	57.9	12.0	0.4	1.1	0.0	0.2	0.2	0.0	0.0	0.0	0.2	0.0	0.0	0.1	0.0	0.1	0.0	0.0	4.329999999999953
434	0.0	108.0	57.9	12.0	0.4	1.1	0.0	0.2	0.2	0.0	0.0	0.0	0.2	0.0	0.0	0.1	0.0	0.1	0.0	0.0	4.339999999999953
435	0.0	108.0	57.9	12.0	0.4	1.1	0.0	0.2	0.2	0.0	0.0	0.0	0.2	0.0	0.0	0.1	0.0	0.1	0.0	0.0	4.349999999999952
436	0.0	108.0	57.9	12.0	0.4	1.1	0.0	0.2	0.2	0.0	0.0	0.0	0.2	0.0	0.0	0.1	0.0	0.1	0.0	0.0	4.359999999999951
437	0.0	108.0	57.9	12.0	0.4	1.1	0.0	0.2	0.2	0.0	0.0	0.0	0.2	0.0	0.0	0.1	0.0	0.1	0.0	0.0	4.36999999999995
438	0.0	108.0	57.9	12.0	0.4	1.1	0.0	0.2	0.2	0.0	0.0	0.0	0.2	0.0	0.0	0.1	0.0	0.1	0.0	0.0	4.379999999999952
439	0.0	108.0	57.9	12.0	0.4	1.1	0.0	0.2	0.2	0.0	0.0	0.0	0.2	0.0	0.0	0.1	0.0	0.1	0.0	0.0	4.389999999999951
440	0.0	108.0	57.9	12.0	0.4	1.1	0.0	0.2	0.2	0.0	0.0	0.0	0.2	0.0	0.0	0.1	0.0	0.1	0.0	0.0	4.39999999999995
441	0.0	108.0	57.9	12.0	0.4	1.1	0.0	0.2	0.2	0.0	0.0	0.0	0.2	0.0	0.0	0.1	0.0	0.1	0.0	0.0	4.409999999999951
442	0.0	108.0	57.9	12.0	0.4	1.1	0.0	0.2	0.2	0.0	0.0	0.0	0.2	0.0	0.0	0.1	0.0	0.1	0.0	0.0	4.419999999999951
443	0.0	108.0	57.9	11.9	0.5	1.1	0.0	0.2	0.2	0.0	0.0	0.0	0.2	0.0	0.0	0.1	0.0	0.1	0.0	0.0	4.42999999999995
444	0.0	108.0	57.9	11.9	0.5	1.1	0.0	0.2	0.2	0.0	0.0	0.0	0.2	0.0	0.0	0.1	0.0	0.1	0.0	0.0	4.439999999999949
445	0.0	108.0	57.9	11.9	0.5	1.1	0.0	0.2	0.2	0.0	0.0	0.0	0.2	0.0	0.0	0.1	0.0	0.1	0.0	0.0	4.449999999999949
446	0.0	108.0	57.9	11.9	0.5	1.1	0.0	0.2	0.2	0.0	0.0	0.0	0.2	0.0	0.0	0.1	0.0	0.1	0.0	0.0	4.45999999999995
447	0.0	108.0	57.9	11.9	0.5	1.1	0.0	0.2	0.2	0.0	0.0	0.0	0.2	0.0	0.0	0.1	0.0	0.1	0.0	0.0	4.469999999999949
448	0.0	108.0	57.9	11.9	0.5	1.1	0.0	0.2	0.2	0.0	0.0	0.0	0.2	0.0	0.0	0.1	0.0	0.1	0.0	0.0	4.479999999999948
449	0.0	108.0	57.9	11.9	0.5	1.1	0.0	0.2	0.2	0.0	0.0	0.0	0.2	0.0	0.0	0.1	0.0	0.1	0.0	0.0	4.48999999999995
450	0.0	108.0	57.9	11.9	0.5	1.1	0.0	0.2	0.2	0.0	0.0	0.0	0.2	0.0	0.0	0.1	0.0	0.1	0.0	0.0	4.499999999999949
451	0.0	108.0	57.9	11.9	0.5	1.1	0.0	0.2	0.2	0.0	0.0	0.0	0.2	0.0	0.0	0.1	0.0	0.1	0.0	0.0	4.509999999999948
452	0.0	108.0	57.9	11.9	0.5	1.1	0.0	0.2	0.2	0.0	0.0	0.0	0.2	0.0	0.0	0.1	0.0	0.1	0.0	0.0	4.519999999999947
453	0.0	108.0	57.9	11.9	0.5	1.1	0.0	0.2	0.2	0.0	0.0	0.0	0.2	0.0	0.0	0.1	0.0	0.1	0.0	0.0	4.529999999999947
454	0.0	108.0	57.9	11.9	0.5	1.1	0.0	0.2	0.2	0.0	0.0	0.0	0.2	0.0	0.0	0.1	0.0	0.1	0.0	0.0	4.5399999999999485
455	0.0	108.0	57.9	11.9	0.5	1.1	0.0	0.2	0.2	0.0	0.0	0.0	0.2	0.0	0.0	0.1	0.0	0.1	0.0	0.0	4.549999999999947
456	0.0	108.0	57.9	11.9	0.5	1.1	0.0	0.2	0.2	0.0	0.0	0.0	0.2	0.0	0.0	0.1	0.0	0.1	0.0	0.0	4.559999999999946
457	0.0	108.0	57.9	11.9	0.5	1.1	0.0	0.2	0.2	0.0	0.0	0.0	0.2	0.0	0.0	0.1	0.0	0.1	0.0	0.0	4.569999999999948
458	0.0	108.0	57.9	11.9	0.5	1.1	0.0	0.2	0.2	0.0	0.0	0.0	0.2	0.0	0.0	0.1	0.0	0.1	0.0	0.0	4.579999999999948
459	0.0	108.0	57.9	11.9	0.5	1.1	0.0	0.2	0.2	0.0	0.0	0.0	0.2	0.0	0.0	0.1	0.0	0.1	0.0	0.0	4.589999999999947
460	0.0	108.0	57.9	11.9	0.5	1.1	0.0	0.2	0.2	0.0	0.0	0.0	0.2	0.0	0.0	0.1	0.0	0.1	0.0	0.0	4.5999999999999455
461	0.0	108.0	57.9	11.9	0.5	1.1	0.0	0.2	0.2	0.0	0.0	0.0	0.2	0.0	0.0	0.1	0.0	0.1	0.0	0.0	4.609999999999945
462	0.0	108.0	57.9	11.9	0.5	1.1	0.0	0.2	0.2	0.0	0.0	0.0	0.2	0.0	0.0	0.1	0.0	0.1	0.0	0.0	4.619999999999947
463	0.0	108.0	57.9	11.9	0.5	1.1	0.0	0.2	0.2	0.0	0.0	0.0	0.2	0.0	0.0	0.1	0.0	0.1	0.0	0.0	4.629999999999946
464	0.0	108.0	57.9	11.9	0.5	1.1	0.0	0.2	0.2	0.0	0.0	0.0	0.2	0.0	0.0	0.1	0.0	0.1	0.0	0.0	4.639999999999945
465	0.0	108.0	57.9	11.9	0.5	1.1	0.0	0.2	0.2	0.0	0.0	0.0	0.2	0.0	0.0	0.1	0.0	0.1	0.0	0.0	4.649999999999946
466	0.0	108.0	57.9	11.9	0.5	1.1	0.0	0.2	0.2	0.0	0.0	0.0	0.2	0.0	0.0	0.1	0.0	0.1	0.0	0.0	4.659999999999946
467	0.0	108.0	57.9	11.9	0.5	1.1	0.0	0.2	0.2	0.0	0.0	0.0	0.2	0.0	0.0	0.1	0.0	0.1	0.0	0.0	4.669999999999945
468	0.0	108.0	57.9	11.9	0.5	1.1	0.0	0.2	0.2	0.0	0.0	0.0	0.2	0.0	0.0	0.1	0.0	0.1	0.0	0.0	4.679999999999944
469	0.0	108.0	57.9	11.8	0.6	1.1	0.0	0.2	0.2	0.0	0.0	0.0	0.2	0.0	0.0	0.1	0.0	0.1	0.0	0.0	4.6899999999999435
470	0.0	108.0	57.9	11.8	0.6	1.1	0.0	0.2	0.2	0.0	0.0	0.0	0.2	0.0	0.0	0.1	0.0	0.1	0.0	0.0	4.699999999999945
471	0.0	108.0	57.9	11.8	0.6	1.1	0.0	0.2	0.2	0.0	0.0	0.0	0.2	0.0	0.0	0.1	0.0	0.1	0.0	0.0	4.709999999999944
472	0.0	108.0	57.9	11.8	0.6	1.1	0.0	0.2	0.2	0.0	0.0	0.0	0.2	0.0	0.0	0.1	0.0	0.1	0.0	0.0	4.719999999999943
473	0.0	108.0	57.9	11.8	0.6	1.1	0.0	0.2	0.2	0.0	0.0	0.0	0.2	0.0	0.0	0.1	0.0	0.1	0.0	0.0	4.7299999999999445
474	0.0	108.0	57.9	11.8	0.6	1.1	0.0	0.2	0.2	0.0	0.0	0.0	0.2	0.0	0.0	0.1	0.0	0.1	0.0	0.0	4.739999999999944
475	0.0	108.0	57.9	11.8	0.6	1.1	0.0	0.2	0.2	0.0	0.0	0.0	0.2	0.0	0.0	0.1	0.0	0.1	0.0	0.0	4.749999999999943
476	0.0	108.0	57.9	11.8	0.6	1.1	0.0	0.2	0.2	0.0	0.0	0.0	0.2	0.0	0.0	0.1	0.0	0.1	0.0	0.0	4.759999999999942
477	0.0	108.0	57.9	11.8	0.6	1.1	0.0	0.2	0.2	0.0	0.0	0.0	0.2	0.0	0.0	0.1	0.0	0.1	0.0	0.0	4.769999999999942
478	0.0	108.0	57.9	11.8	0.6	1.1	0.0	0.2	0.2	0.0	0.0	0.0	0.2	0.0	0.0	0.1	0.0	0.1	0.0	0.0	4.779999999999943
479	0.0	108.0	57.9	11.8	0.6	1.1	0.0	0.2	0.2	0.0	0.0	0.0	0.2	0.0	0.0	0.1	0.0	0.1	0.0	0.0	4.789999999999942
480	0.0	108.0	57.9	11.8	0.6	1.1	0.0	0.2	0.2	0.0	0.0	0.0	0.2	0.0	0.0	0.1	0.0	0.1	0.0	0.0	4.799999999999941
481	0.0	108.0	57.9	11.8	0.6	1.1	0.0	0.2	0.2	0.0	0.0	0.0	0.2	0.0	0.0	0.1	0.0	0.1	0.0	0.0	4.809999999999943
482	0.0	108.0	57.9	11.8	0.6	1.1	0.0	0.2	0.2	0.0	0.0	0.0	0.2	0.0	0.0	0.1	0.0	0.1	0.0	0.0	4.8199999999999426
483	0.0	108.0	57.9	11.8	0.6	1.1	0.0	0.2	0.2	0.0	0.0	0.0	0.2	0.0	0.0	0.1	0.0	0.1	0.0	0.0	4.8299999999999415
484	0.0	108.0	57.9	11.8	0.6	1.1	0.0	0.2	0.2	0.0	0.0	0.0	0.2	0.0	0.0	0.1	0.0	0.1	0.0	0.0	4.83999999999994
485	0.0	108.0	57.9	11.8	0.6	1.1	0.0	0.2	0.2	0.0	0.0	0.0	0.2	0.0	0.0	0.1	0.0	0.1	0.0	0.0	4.84999999999994
486	0.0	108.0	57.9	11.8	0.6	1.1	0.0	0.2	0.2	0.0	0.0	0.0	0.2	0.0	0.0	0.1	0.0	0.1	0.0	0.0	4.859999999999942
487	0.0	108.0	57.9	11.8	0.6	1.1	0.0	0.2	0.2	0.0	0.0	0.0	0.2	0.0	0.0	0.1	0.0	0.1	0.0	0.0	4.869999999999941
488	0.0	108.0	57.9	11.8	0.6	1.1	0.0	0.2	0.2	0.0	0.0	0.0	0.2	0.0	0.0	0.1	0.0	0.1	0.0	0.0	4.8799999999999395
489	0.0	108.0	57.9	11.8	0.6	1.1	0.0	0.2	0.2	0.0	0.0	0.0	0.2	0.0	0.0	0.1	0.0	0.1	0.0	0.0	4.889999999999941
490	0.0	108.0	57.9	11.8	0.6	1.1	0.0	0.2	0.2	0.0	0.0	0.0	0.2	0.0	0.0	0.1	0.0	0.1	0.0	0.0	4.899999999999941
491	0.0	108.0	57.9	11.8	0.6	1.1	0.0	0.2	0.2	0.0	0.0	0.0	0.2	0.0	0.0	0.1	0.0	0.1	0.0	0.0	4.90999999999994
492	0.0	108.0	57.9	11.8	0.6	1.1	0.0	0.2	0.2	0.0	0.0	0.0	0.2	0.0	0.0	0.1	0.0	0.1	0.0	0.0	4.919999999999939
493	0.0	108.0	57.9	11.8	0.6	1.1	0.0	0.2	0.2	0.0	0.0	0.0	0.2	0.0	0.0	0.1	0.0	0.1	0.0	0.0	4.929999999999938
494	0.0	108.0	57.9	11.8	0.6	1.1	0.0	0.2	0.2	0.0	0.0	0.0	0.2	0.0	0.0	0.1	0.0	0.1	0.0	0.0	4.93999999999994
495	0.0	108.0	57.9	11.8	0.6	1.1	0.0	0.2	0.2	0.0	0.0	0.0	0.2	0.0	0.0	0.1	0.0	0.1	0.0	0.0	4.949999999999939
496	0.0	108.0	57.9	11.8	0.6	1.1	0.0	0.2	0.2	0.0	0.0	0.0	0.2	0.0	0.0	0.1	0.0	0.1	0.0	0.0	4.959999999999938
497	0.0	108.0	57.9	11.8	0.6	1.1	0.0	0.2	0.2	0.0	0.0	0.0	0.2	0.0	0.0	0.1	0.0	0.1	0.0	0.0	4.969999999999939
498	0.0	108.0	57.9	11.8	0.6	1.1	0.0	0.2	0.2	0.0	0.0	0.0	0.2	0.0	0.0	0.1	0.0	0.1	0.0	0.0	4.979999999999939
499	0.0	108.0	57.9	11.8	0.6	1.1	0.0	0.2	0.2	0.0	0.0	0.0	0.2	0.0	0.0	0.1	0.0	0.1	0.0	0.0	4.989999999999938
500	0.0	108.0	57.9	11.8	0.6	1.1	0.0	0.2	0.2	0.0	0.0	0.0	0.2	0.0	0.0	0.1	0.0	0.1	0.0	0.0	4.999999999999937
